Aberg,5761,Maria Alm/Steinernen Meer,Oesterreich
Ableitenweg,5101,Bergheim,Oesterreich
Abtsdorf,5621,St.Veit/Pongau,Oesterreich
Acharting Siedlung,5102,Anthering,Oesterreich
Achleitweg,5730,Mittersill,Oesterreich
Adambergergasse,1020,Wien,Oesterreich
Adam-Mueller-Guttenbrunn-Str.,5020,Salzburg,Oesterreich
Adolf-Amadeo-Gasse,1210,Wien,Oesterreich
Adolf-Scharner-Hof,1040,Wien,Oesterreich
Adolfstorgasse,1130,Wien,Oesterreich
Agnesweg,5340,St.Gilgen,Oesterreich
Ahorngasse,5582,St.Michael/Lungau,Oesterreich
Ahornweg,1220,Wien,Oesterreich
Ahornweg,5580,Tamsweg,Oesterreich
Ahornweg,5700,Zell/See,Oesterreich
Aichhorngasse,1120,Wien,Oesterreich
Aigellehenweg,5422,Hallein,Oesterreich
Aigen,5165,Berndorf b.Sbg.,Oesterreich
Ailecgasse,1110,Wien,Oesterreich
AKH-Steg,1090,Wien,Oesterreich
Albertisgasse,1210,Wien,Oesterreich
Albinaweg,5411,Oberalm,Oesterreich
Alexander-Haidenthaller-Str.,5023,Salzburg,Oesterreich
Alexander-Nehr-Gasse,1090,Wien,Oesterreich
Alfons-Mucha-Weg,1140,Wien,Oesterreich
Alfred-Wegener-Gasse,1190,Wien,Oesterreich
Alma-Rose-Gasse,1100,Wien,Oesterreich
Almgasse,5020,Salzburg,Oesterreich
Almweg,5562,Tweng,Oesterreich
Alois-Eyermann-Weg,1220,Wien,Oesterreich
Alois-Negrelli-Gasse,1210,Wien,Oesterreich
Alpenstrasse,5020,Salzburg,Oesterreich
Alpenweg,5532,Filzmoos,Oesterreich
Alpiltoweweg,1210,Wien,Oesterreich
Alsgasse,1170,Wien,Oesterreich
Alte Aigner Strasse,5026,Salzburg,Oesterreich
Alte Bundesstrasse,5500,Bischofshofen,Oesterreich
Alte Laaer Strasse,1100,Wien,Oesterreich
Alte Landstrasse,5113,St.Georgen b.Sbg.,Oesterreich
Alte Mattseer Strasse,5020,Salzburg,Oesterreich
Alte Sportplatzgasse,5111,Buermoos,Oesterreich
Alte Wiestalstrasse,5412,Puch b.Hallein,Oesterreich
Altenberg,5162,Obertrum/See,Oesterreich
Altentannstrasse,5302,Henndorf/Wallersee,Oesterreich
Altes Allgemeines Krankenhaus,1090,Wien,Oesterreich
Althoff-Jacobi-Gasse,1030,Wien,Oesterreich
Altomontegasse,1120,Wien,Oesterreich
Am Ausfergenufer,5400,Hallein,Oesterreich
Am Bach,5721,Piesendorf,Oesterreich
Am Bachangerl,5721,Piesendorf,Oesterreich
Am Blinklingmoos,5350,Strobl,Oesterreich
Am Brunnen,5330,Fuschl/See,Oesterreich
Am Florysee,5761,Maria Alm/Steinernen Meer,Oesterreich
Am Hellbrunner Berg,5081,Anif,Oesterreich
Am Jufersbach,5760,Saalfelden/Steinernen Meer,Oesterreich
Am langen Felde,1220,Wien,Oesterreich
Am Lidaun,5324,Faistenau,Oesterreich
Am Muehlbachl,5741,Neukirchen/Grossvenediger,Oesterreich
Am Nordwestbahnhof,1210,Wien,Oesterreich
Am Riedelwald,5201,Seekirchen/Wallersee,Oesterreich
Am Rosenhuegel,1130,Wien,Oesterreich
Am Schierlinggrund,1220,Wien,Oesterreich
Am Schilf,5700,Zell/See,Oesterreich
Am Sonnenhang,5161,Elixhausen,Oesterreich
Am Spitz,5400,Hallein,Oesterreich
Am Stadtpark,1030,Wien,Oesterreich
Am Urschlag,5350,Strobl,Oesterreich
Am Weberbach,5321,Koppl,Oesterreich
Am Weizenfeld,5751,Maishofen,Oesterreich
Am Wetterkreuz,5165,Berndorf b.Sbg.,Oesterreich
Am Winterbichl,5322,Hof b.Sbg.,Oesterreich
Am Zimmerberg,5500,Bischofshofen,Oesterreich
Amalienstrasse,1130,Wien,Oesterreich
Amortgasse,1140,Wien,Oesterreich
Ampfinggasse,5020,Salzburg,Oesterreich
Amselweg,5350,Strobl,Oesterreich
Amtsstrasse,1210,Wien,Oesterreich
An der Fischach,5201,Seekirchen/Wallersee,Oesterreich
An der Huelben,1010,Wien,Oesterreich
An der Zwerchwiese,1190,Wien,Oesterreich
Andrae-Dopplerweg,5071,Himmelreich,Oesterreich
Andreas-Lechner-Strasse,1140,Wien,Oesterreich
Andromeda Tower,1220,Wien,Oesterreich
Anglerweg,1220,Wien,Oesterreich
Anisgasse,1220,Wien,Oesterreich
Anna-Hand-Weg,1030,Wien,Oesterreich
Anton-Baumgartner-Strasse,1230,Wien,Oesterreich
Anton-Boeck-Gasse,1210,Wien,Oesterreich
Anton-Figl-Hof,1140,Wien,Oesterreich
Anton-Haidl-Gasse,1170,Wien,Oesterreich
Anton-Hochmuth-Strasse,5020,Salzburg,Oesterreich
Antonie-Platzer-Gasse,1140,Wien,Oesterreich
Antoniusweg,5400,Hallein,Oesterreich
Anton-Klein-Gasse,1220,Wien,Oesterreich
Anton-Matourek-Hof,1150,Wien,Oesterreich
Anton-Scharff-Gasse,1120,Wien,Oesterreich
Anton-Wildgans-Strasse,5026,Salzburg,Oesterreich
Anzenbergweg,5301,Eugendorf,Oesterreich
Anzfelden,5102,Anthering,Oesterreich
Apostelgasse,1030,Wien,Oesterreich
Aribogasse,1220,Wien,Oesterreich
Arndorf,5731,Hollersbach/Pinzgau,Oesterreich
Arnogasse,5020,Salzburg,Oesterreich
Arnsdorf,5112,Lamprechtshausen,Oesterreich
Arnsdorferweg,5112,Lamprechtshausen,Oesterreich
Artillerieplatz,1110,Wien,Oesterreich
Aschergasse,1130,Wien,Oesterreich
Asenweg,5201,Seekirchen/Wallersee,Oesterreich
Astachsiedlung,5611,Grossarl,Oesterreich
Astenweg,5710,Kaprun,Oesterreich
Ateliergasse,1220,Wien,Oesterreich
Atzgersdorfer Strasse,1230,Wien,Oesterreich
Au,5152,Dorfbeuern,Oesterreich
Auenbruggergasse,1030,Wien,Oesterreich
Auerspergstrasse,1010,Wien,Oesterreich
Auer-von-Welsbach-Strasse,5020,Salzburg,Oesterreich
Augentrostgasse,1220,Wien,Oesterreich
Augstrasse,5163,Mattsee,Oesterreich
August-Gruber-Strasse,5020,Salzburg,Oesterreich
Auhofstrasse,1130,Wien,Oesterreich
Ausserfeld,5724,Stuhlfelden,Oesterreich
Aussichtsweg,5113,St.Georgen b.Sbg.,Oesterreich
Austrasse,5061,Elsbethen,Oesterreich
Austrasse,5582,St.Michael/Lungau,Oesterreich
Autokaderstrasse,1210,Wien,Oesterreich
Auweg,5113,St.Georgen b.Sbg.,Oesterreich
Auweg,5661,Rauris,Oesterreich
Auwiesenstrasse,5161,Elixhausen,Oesterreich
Axel-Corti-Gasse,1210,Wien,Oesterreich
Bachbauergasse,5582,St.Michael/Lungau,Oesterreich
Bachfeldweg,5101,Bergheim,Oesterreich
Bachgasse,5585,Unternberg,Oesterreich
Bachseitenweg,5550,Radstadt,Oesterreich
Bachweg,5113,St.Georgen b.Sbg.,Oesterreich
Bachzeile,1170,Wien,Oesterreich
Badeteich Hirschstetten,1220,Wien,Oesterreich
Badgasse (Alsergrund),1090,Wien,Oesterreich
Badhausgasse,1070,Wien,Oesterreich
Baeckergasse,5580,Tamsweg,Oesterreich
Baeckerstrasse,5020,Salzburg,Oesterreich
Baeckerweg,5061,Elsbethen,Oesterreich
Baerengasse,1050,Wien,Oesterreich
Baeuerlegasse,1200,Wien,Oesterreich
Bahnhof Geiselbergstrasse,1110,Wien,Oesterreich
Bahnhof Huetteldorf,1140,Wien,Oesterreich
Bahnhof Krottenbachstrasse,1190,Wien,Oesterreich
Bahnhof Rennweg,1030,Wien,Oesterreich
Bahnhof Weidlingau,1140,Wien,Oesterreich
Bahnhofstrasse,5632,Dorfgastein,Oesterreich
Bahnhofstrasse,5722,Niedernsill,Oesterreich
Bahnhofstrasse,5723,Uttendorf,Oesterreich
Bahnlaende,1100,Wien,Oesterreich
Bahnstrasse,5342,Abersee-St.Gilgen,Oesterreich
Balsaminengasse,1140,Wien,Oesterreich
Bambachweg,5162,Obertrum/See,Oesterreich
Bankgasse,1010,Wien,Oesterreich
Barbara-Prammer-Allee,1220,Wien,Oesterreich
Basler Gasse,1230,Wien,Oesterreich
Bauhofstrasse,5550,Radstadt,Oesterreich
Baumgartner-Casino-Park,1140,Wien,Oesterreich
Bayerhamerstrasse,5020,Salzburg,Oesterreich
Bayernstrasse,5411,Oberalm,Oesterreich
Bayernweg,5400,Hallein,Oesterreich
Beatrix-Kempf-Gasse,1220,Wien,Oesterreich
Bechardgasse,1030,Wien,Oesterreich
Beethovengang,1190,Wien,Oesterreich
Beethovenstrasse,1230,Wien,Oesterreich
Begoeriach,5570,Mauterndorf,Oesterreich
Bela-Laszky-Gasse,1220,Wien,Oesterreich
Benevolistrasse,5020,Salzburg,Oesterreich
Bensasteig,1140,Wien,Oesterreich
Berg,5652,Dienten/Hochkoenig,Oesterreich
Bergersreitstrasse,5423,St.Koloman,Oesterreich
Bergfriedweg,5754,Hinterglemm,Oesterreich
Bergheidengasse,1130,Wien,Oesterreich
Berglandstrasse,5710,Kaprun,Oesterreich
Bergnerweg,5671,Bruck/Grossglocknerstrasse,Oesterreich
Bergsiedlung,5302,Henndorf/Wallersee,Oesterreich
Bergweg,1170,Wien,Oesterreich
Berliner Hof,1160,Wien,Oesterreich
Bernd-Bauer-Strasse,5350,Strobl,Oesterreich
Bernerweg,5532,Filzmoos,Oesterreich
Bernkogelstrasse,5632,Dorfgastein,Oesterreich
Bertlgasse,1210,Wien,Oesterreich
Bethlengasse,1120,Wien,Oesterreich
Betty-Fischer-Weg,1170,Wien,Oesterreich
Biblgasse,1230,Wien,Oesterreich
Bichlbergweg,5522,St.Martin/Tennengebirge,Oesterreich
Bichlweg,5611,Grossarl,Oesterreich
Bichlweg,5752,Viehhofen,Oesterreich
Bienenstrasse,5071,Wals-Siezenheim,Oesterreich
Biererlgasse,1100,Wien,Oesterreich
Bifangweg,5541,Altenmarkt/Pongau,Oesterreich
Billgasse,1220,Wien,Oesterreich
Bindergasse,1090,Wien,Oesterreich
Bindingweg,1140,Wien,Oesterreich
Biodorf-Weg,5164,Seeham,Oesterreich
Birkenhof,1100,Wien,Oesterreich
Birkenstrasse,5662,Bruck/Grossglocknerstrasse,Oesterreich
Birnersteig,1210,Wien,Oesterreich
Bischelsroid,5162,Obertrum/See,Oesterreich
Bischoffgasse,1120,Wien,Oesterreich
Bitterlichstrasse,1100,Wien,Oesterreich
Blasenbichlweg,5424,Bad Vigaun,Oesterreich
Bleibtreustrasse,1110,Wien,Oesterreich
Blumensteinstrasse,5020,Salzburg,Oesterreich
Blutgasse,1010,Wien,Oesterreich
Bodenlehenstrasse,5500,Bischofshofen,Oesterreich
Boeheimgasse,1230,Wien,Oesterreich
Bogenmuehlstrasse,5411,Oberalm,Oesterreich
Bognerstrasse,5020,Salzburg,Oesterreich
Borkowskigasse,1190,Wien,Oesterreich
Bowitschgasse,1130,Wien,Oesterreich
Braeugasse,5582,St.Michael/Lungau,Oesterreich
Brahmsplatz,1040,Wien,Oesterreich
Bramsaustrasse,5324,Faistenau,Oesterreich
Brandgasse,1020,Wien,Oesterreich
Brandstaett,5162,Obertrum/See,Oesterreich
Brandstattstrasse,5303,Thalgau,Oesterreich
Brauergasse,1060,Wien,Oesterreich
Braumuellergasse,1170,Wien,Oesterreich
Braunsberg,5112,Lamprechtshausen,Oesterreich
Brausewettergasse,1220,Wien,Oesterreich
Breiteneckergasse,1230,Wien,Oesterreich
Breitenfelderstrasse,5020,Salzburg,Oesterreich
Breitenweg,1210,Wien,Oesterreich
Breitweg,5101,Bergheim,Oesterreich
Breuninggasse,1230,Wien,Oesterreich
Brigitte-Neumeister-Platz,1100,Wien,Oesterreich
Brosamergasse,1220,Wien,Oesterreich
Bruckberg,5700,Zell/See,Oesterreich
Bruckhaeuserplatz,5400,Hallein,Oesterreich
Brucknerstrasse,5620,Schwarzach/Pongau,Oesterreich
Brueckenweg,5724,Stuhlfelden,Oesterreich
Bruendlweg,5020,Salzburg,Oesterreich
Bruenner Strasse,1210,Wien,Oesterreich
Brunaustrasse,5423,St.Koloman,Oesterreich
Brunn,5342,Abersee-St.Gilgen,Oesterreich
Brunn,5201,Seekirchen/Wallersee,Oesterreich
Brunnbachweg,5303,Thalgau,Oesterreich
Brunnebenweg,5581,St.Margarethen/Lungau,Oesterreich
Brunner-Lehenstein-Gasse,1210,Wien,Oesterreich
Brunnfeldstrasse,5330,Fuschl/See,Oesterreich
Brunnhausgasse,5020,Salzburg,Oesterreich
Brunnwiesweg,5101,Bergheim,Oesterreich
Bruno-Kreisky-Hof,1170,Wien,Oesterreich
Bruno-Marek-Allee,1020,Wien,Oesterreich
Buchberg,5340,St.Gilgen,Oesterreich
Buchenweg,5400,Hallein,Oesterreich
Buchenweg,5541,Altenmarkt/Pongau,Oesterreich
Buchleitengasse,1180,Wien,Oesterreich
Buckalgasse,1230,Wien,Oesterreich
Budinskygasse,1190,Wien,Oesterreich
Buergergasse,1100,Wien,Oesterreich
Buergermeisterweg (Meidling),1120,Wien,Oesterreich
Buerglalmweg,5652,Dienten/Hochkoenig,Oesterreich
Bugstrasse,1140,Wien,Oesterreich
Bundesbad Alte Donau,1220,Wien,Oesterreich
Bundesstrasse (Wals),5071,Wals-Siezenheim,Oesterreich
Burggasse,1070,Wien,Oesterreich
Burglehengassl,5602,Wagrain,Oesterreich
Burgwiesweg,5730,Mittersill,Oesterreich
Caeciliagasse,5202,Neumarkt/Wallersee,Oesterreich
Camesinaweg,1120,Wien,Oesterreich
Canevalestrasse,1230,Wien,Oesterreich
Canovagasse,1010,Wien,Oesterreich
Carl-von-Linde-Strasse,1030,Wien,Oesterreich
Carola-Blome-Strasse,5020,Salzburg,Oesterreich
Castelligasse,1050,Wien,Oesterreich
Ceralegasse,1100,Wien,Oesterreich
Christian-Laserer-Strasse,5023,Salzburg,Oesterreich
Christine-Busta-Hof,1160,Wien,Oesterreich
Chwallagasse,1060,Wien,Oesterreich
Clemens-Hofbauer-Platz,1170,Wien,Oesterreich
Confraternitaet,1080,Wien,Oesterreich
Cooperweg,1210,Wien,Oesterreich
Cottagegasse,1190,Wien,Oesterreich
Cranachstrasse,1130,Wien,Oesterreich
Czartoryskigasse,1170,Wien,Oesterreich
Czerningasse,1020,Wien,Oesterreich
Dacheben,5652,Dienten/Hochkoenig,Oesterreich
Dahliengasse,1210,Wien,Oesterreich
Dampfgasse,1100,Wien,Oesterreich
Danilovatzgasse,1120,Wien,Oesterreich
Dassanowskyweg,1220,Wien,Oesterreich
Dechant-Franz-Fuchs-Strasse,5580,Tamsweg,Oesterreich
Dechantshofen,5751,Maishofen,Oesterreich
Degengasse,1160,Wien,Oesterreich
Delsenbachgasse,1110,Wien,Oesterreich
Dennweg,1190,Wien,Oesterreich
Dettergasse,1160,Wien,Oesterreich
Deutschstrasse,1230,Wien,Oesterreich
Dichtled,5112,Lamprechtshausen,Oesterreich
Diesterweggasse,1140,Wien,Oesterreich
Diffuerthweg,5424,Bad Vigaun,Oesterreich
Distelweg,1220,Wien,Oesterreich
Dobiaschofskyweg,1120,Wien,Oesterreich
Doeblinger Guertel,1190,Wien,Oesterreich
Doermanngasse,1220,Wien,Oesterreich
Dollinergasse,1190,Wien,Oesterreich
Dominicusweg,5020,Salzburg,Oesterreich
Donau-City-Strasse,1220,Wien,Oesterreich
Don-Bosco-Gasse,1230,Wien,Oesterreich
Donhofergasse,1210,Wien,Oesterreich
Doppelweg,5550,Radstadt,Oesterreich
Dorf,5205,Schleedorf,Oesterreich
Dorfbachstrasse,5723,Uttendorf,Oesterreich
Dorferbergweg,5632,Dorfgastein,Oesterreich
Dorfheimerstrasse,5760,Saalfelden/Steinernen Meer,Oesterreich
Dorfstrasse,5101,Bergheim,Oesterreich
Dorfstrasse,5324,Faistenau,Oesterreich
Dorfstrasse,5300,Hallwang,Oesterreich
Dorfstrasse,5721,Piesendorf,Oesterreich
Dostalgasse,1130,Wien,Oesterreich
Dr. Eduard Fugger Strasse,5083,Groedig,Oesterreich
Dr.-Andreas-Zailer-Gasse,1230,Wien,Oesterreich
Dr.-Eberle-Gasse,1100,Wien,Oesterreich
Dr.-Franz-Rehrl-Strasse,5700,Zell/See,Oesterreich
Dr.-Heinrich-Maier-Strasse,1180,Wien,Oesterreich
Dr.-Jakob-Neumann-Steig,1230,Wien,Oesterreich
Dr.-Josef-Resch-Platz,1170,Wien,Oesterreich
Dr.-Matthias-Laireiter-Strasse,5071,Salzburg,Oesterreich
Dr.-Richard-Krolig-Hof,1050,Wien,Oesterreich
Dr.-Skala-Strasse,1210,Wien,Oesterreich
Dr.-Zimmermann-Strasse,5630,Bad Hofgastein,Oesterreich
Dragonerhaeufel,1210,Wien,Oesterreich
Dreimuehlen,5114,Goeming,Oesterreich
Dreyhausenstrasse,1140,Wien,Oesterreich
Drosselstrasse,5302,Henndorf/Wallersee,Oesterreich
Duerergasse,1060,Wien,Oesterreich
Duernbichlstrasse,5301,Eugendorf,Oesterreich
Duerschengutweg,5422,Hallein,Oesterreich
Dunantgasse,1210,Wien,Oesterreich
Durchlassstrasse,5440,Golling/Salzach,Oesterreich
Ebengasse,5611,Grossarl,Oesterreich
Ebenweg,5652,Dienten/Hochkoenig,Oesterreich
Eberlfeld,5602,Wagrain,Oesterreich
Eck,5204,Strasswalchen,Oesterreich
Eckhelgasse,1100,Wien,Oesterreich
Eckholzstrasse,5301,Eugendorf,Oesterreich
Ed,5164,Seeham,Oesterreich
Edelweissstrasse,5071,Wals-Siezenheim,Oesterreich
Ederstrasse,5400,Hallein,Oesterreich
Edmund-Weiss-Gasse,1180,Wien,Oesterreich
Edtstrasse,5522,St.Martin/Tennengebirge,Oesterreich
Eduard-Gaertner-Gasse,1220,Wien,Oesterreich
Eduard-Reyer-Gasse,1190,Wien,Oesterreich
Effenbergplatz,1220,Wien,Oesterreich
Eggbauernweg,5640,Bad Gastein,Oesterreich
Eggerweg,5061,Elsbethen,Oesterreich
Egon-Friedell-Gasse,1210,Wien,Oesterreich
Egon-Schiele-Weg,5020,Salzburg,Oesterreich
Ehrenbergerweg,5760,Saalfelden/Steinernen Meer,Oesterreich
Ehrgottstrasse,5020,Salzburg,Oesterreich
Eibenweg (Abersee-Strobl),5350,Abersee-Strobl,Oesterreich
Eiblweg,5424,Bad Vigaun,Oesterreich
Eichenweg,5102,Anthering,Oesterreich
Eichetstrasse,5082,Groedig,Oesterreich
Eidechsengasse,1220,Wien,Oesterreich
Eigenheimweg,1170,Wien,Oesterreich
Einfahrtstrasse,1140,Wien,Oesterreich
Einleitenweg,5300,Hallwang,Oesterreich
Einoedweg,5710,Kaprun,Oesterreich
Einsiedlerplatz,1050,Wien,Oesterreich
Einsteinhof,1060,Wien,Oesterreich
Eisenhutgasse,1220,Wien,Oesterreich
Eisenstrasse,5350,Strobl,Oesterreich
Elidagasse,1220,Wien,Oesterreich
Elisabeth-Bergner-Weg,1230,Wien,Oesterreich
Elisabethstrasse,1010,Wien,Oesterreich
Ellmaustrasse,5323,Ebenau,Oesterreich
Ellmauthal,5452,Pfarrwerfen,Oesterreich
Elsa-Bienenfeld-Weg,1020,Wien,Oesterreich
Elsenheimstrasse,5020,Salzburg,Oesterreich
Emil-Behring-Weg,1230,Wien,Oesterreich
Emil-Hertzka-Platz,1100,Wien,Oesterreich
Engelbert-Weiss-Weg,5020,Salzburg,Oesterreich
Engelshofengasse,1230,Wien,Oesterreich
Enkerbichl,5621,Goldegg,Oesterreich
Ennspark,5542,Flachau,Oesterreich
Enterwinkl,5761,Maria Alm/Steinernen Meer,Oesterreich
Erbacherweg,1140,Wien,Oesterreich
Erich-Fried-Strasse,5020,Salzburg,Oesterreich
Erika-Krenn-Promenade,1100,Wien,Oesterreich
Erlachplatz,1100,Wien,Oesterreich
Erlbergweg,5700,Zell/See,Oesterreich
Erlenweg,5302,Henndorf/Wallersee,Oesterreich
Erlenweg,5662,Bruck/Grossglocknerstrasse,Oesterreich
Erlenweg,5700,Zell/See,Oesterreich
Ernest-Thun-Gasse,5550,Radstadt,Oesterreich
Ernst-Jandl-Weg,1220,Wien,Oesterreich
Ernst-Kein-Gasse,1210,Wien,Oesterreich
Ernst-Papanek-Hof,1150,Wien,Oesterreich
Ernst-Vasovec-Gasse,1210,Wien,Oesterreich
Erwin-Kerber-Strasse,5026,Salzburg,Oesterreich
Erzbischofgasse,1130,Wien,Oesterreich
Erzstrasse,5500,Bischofshofen,Oesterreich
Eschengasse,5582,St.Michael/Lungau,Oesterreich
Esparsette-Weg,1120,Wien,Oesterreich
Esslinggasse,1010,Wien,Oesterreich
Esterhazystrasse,5400,Hallein,Oesterreich
Etrichstrasse,5020,Salzburg,Oesterreich
Ettenreichgasse,1100,Wien,Oesterreich
Eulersberg,5453,Werfenweng,Oesterreich
Europaplatz,1150,Wien,Oesterreich
Evangelischer Friedhof Matzleinsdorf (Favoriten),1100,Wien,Oesterreich
Exelbergstrasse,1170,Wien,Oesterreich
Eyzinggasse,1110,Wien,Oesterreich
Fadingerstrasse,5020,Salzburg,Oesterreich
Fahrbachgasse,1210,Wien,Oesterreich
Fallgasse,1060,Wien,Oesterreich
Farmachstrasse,5760,Saalfelden/Steinernen Meer,Oesterreich
Fasangartengasse,1130,Wien,Oesterreich
Faslweg,5532,Filzmoos,Oesterreich
Favoritagasse,5020,Salzburg,Oesterreich
Fehrenbachweg,5550,Radstadt,Oesterreich
Feichtenauweg,5440,Golling/Salzach,Oesterreich
Feilergasse,1190,Wien,Oesterreich
Felberring,5730,Mittersill,Oesterreich
Felberstrasse,5730,Mittersill,Oesterreich
Felderstrasse,1010,Wien,Oesterreich
Feldingweg,5630,Bad Hofgastein,Oesterreich
Feldmausgasse,1210,Wien,Oesterreich
Feldstrasse,5204,Strasswalchen,Oesterreich
Feldweg,5201,Seekirchen/Wallersee,Oesterreich
Feldweg,5700,Zell/See,Oesterreich
Fell,5582,St.Michael/Lungau,Oesterreich
Felleishof,1030,Wien,Oesterreich
Felsweg,5550,Radstadt,Oesterreich
Ferdinand-Hanusch-Platz,5020,Salzburg,Oesterreich
Ferdinand-Spannring-Str.,5023,Salzburg,Oesterreich
Ferstelgasse,1090,Wien,Oesterreich
Feuerwehrstrasse,5110,Oberndorf b.Sbg.,Oesterreich
Feuerwehrweg,5400,Hallein,Oesterreich
Fichtenweg,5400,Hallein,Oesterreich
Fichtenweg,5162,Obertrum/See,Oesterreich
Fichtenweg,5671,Bruck/Grossglocknerstrasse,Oesterreich
Filmteichstrasse,1100,Wien,Oesterreich
Filzmooserstrasse,5531,Eben/Pongau,Oesterreich
Fingerhutweg,1220,Wien,Oesterreich
Finkleiten,5203,Koestendorf,Oesterreich
Fischachstrasse,5201,Seekirchen/Wallersee,Oesterreich
Fischbachweg,5323,Ebenau,Oesterreich
Fischergasse,5081,Anif,Oesterreich
Fischerstrasse,5700,Zell/See,Oesterreich
Fischerweg,5082,Groedig,Oesterreich
Fischtaging,5201,Seekirchen/Wallersee,Oesterreich
Fitzweg,1220,Wien,Oesterreich
Flammweg,1110,Wien,Oesterreich
Flemminggasse,1190,Wien,Oesterreich
Floitensberg,5600,St.Johann/Pongau,Oesterreich
Florian-Hedorfer-Strasse,1110,Wien,Oesterreich
Florianigasse,5585,Unternberg,Oesterreich
Florianistrasse,5580,Tamsweg,Oesterreich
Floridsdorfer Markt,1210,Wien,Oesterreich
Flurstrasse,5302,Henndorf/Wallersee,Oesterreich
Foehrenweg,1210,Wien,Oesterreich
Foehrenweg,5760,Saalfelden/Steinernen Meer,Oesterreich
Foersterweg,5722,Niedernsill,Oesterreich
Fontanastrasse,1100,Wien,Oesterreich
Forellenweg,5083,Groedig,Oesterreich
Forellenweg,5350,Strobl,Oesterreich
Forsthausgasse,5582,St.Michael/Lungau,Oesterreich
Forstschulstrasse,1140,Wien,Oesterreich
Fraham,5164,Seeham,Oesterreich
Franz-Domes-Hof,1050,Wien,Oesterreich
Franz-Fellner-Gasse,1220,Wien,Oesterreich
Franz-Grill-Strasse,1030,Wien,Oesterreich
Franz-Hinterholzer-Kai,5020,Salzburg,Oesterreich
Franziskanergasse,5020,Salzburg,Oesterreich
Franz-Jonas-Platz,1210,Wien,Oesterreich
Franz-Linher-Strasse,5020,Salzburg,Oesterreich
Franz-Mohshammer-Platz,5500,Bischofshofen,Oesterreich
Franzosenschanze,5342,Abersee-St.Gilgen,Oesterreich
Franz-Peyerl-Strasse,5020,Salzburg,Oesterreich
Franz-Rosenberger-Hof,1130,Wien,Oesterreich
Franz-Salmhofer-Platz,1090,Wien,Oesterreich
Franz-Schubert-Strasse,5020,Salzburg,Oesterreich
Franz-Schuh-Gasse,1100,Wien,Oesterreich
Franz-Wels-Gasse,1220,Wien,Oesterreich
Frauenfelderstrasse,1170,Wien,Oesterreich
Freda-Meissner-Blau-Promenade,1010,Wien,Oesterreich
Fred-Zinnemann-Platz,1030,Wien,Oesterreich
Freihofgasse,1190,Wien,Oesterreich
Freundgasse,1040,Wien,Oesterreich
Freyung,1010,Wien,Oesterreich
Fridtjof-Nansen-Park,1230,Wien,Oesterreich
Friedenszeile,1130,Wien,Oesterreich
Friedhof Doebling,1190,Wien,Oesterreich
Friedhof Gersthof,1180,Wien,Oesterreich
Friedhof Inzersdorf,1230,Wien,Oesterreich
Friedhof Ottakring,1160,Wien,Oesterreich
Friedhof Simmering,1110,Wien,Oesterreich
Friedhofstrasse,5026,Salzburg,Oesterreich
Friedhofstrasse (Penzing),1140,Wien,Oesterreich
Friedhofweg,5082,Groedig,Oesterreich
Friedjunggasse,1110,Wien,Oesterreich
Friedmanngasse,1160,Wien,Oesterreich
Friedrich-Hillegeist-Strasse,1020,Wien,Oesterreich
Friedrichsplatz,1150,Wien,Oesterreich
Friedrich-von-Walchen-Strasse,5020,Salzburg,Oesterreich
Fritz-Moravec-Steig,1130,Wien,Oesterreich
Frohnburgweg,5020,Salzburg,Oesterreich
Froschheimstrasse,5700,Zell/See,Oesterreich
Fruehlingsweg,5201,Seekirchen/Wallersee,Oesterreich
Fuchshausstrasse,5721,Piesendorf,Oesterreich
Fuchsthallergasse,1090,Wien,Oesterreich
Fuerfanggasse,1190,Wien,Oesterreich
Fuetterergasse,1010,Wien,Oesterreich
Fundergasse,1220,Wien,Oesterreich
Furtmuehlstrasse,5101,Bergheim,Oesterreich
Fuschler Strasse,5303,Thalgau,Oesterreich
Gaberlweg,5722,Niedernsill,Oesterreich
Gablenzgasse,1150,Wien,Oesterreich
Gadnergasse,1110,Wien,Oesterreich
Gaensehaeufelgasse,1220,Wien,Oesterreich
Gailenbachweg,5020,Salzburg,Oesterreich
Gaisbachstrasse,5661,Rauris,Oesterreich
Gaisberg,5162,Obertrum/See,Oesterreich
Gaisbergstrasse,5163,Mattsee,Oesterreich
Gaismairallee,5550,Radstadt,Oesterreich
Gaizenberg,5102,Anthering,Oesterreich
Gamperstrasse Sued,5400,Hallein,Oesterreich
Ganshofstrasse,5020,Salzburg,Oesterreich
Gardegasse,1070,Wien,Oesterreich
Gartenauerstrasse,5083,Groedig,Oesterreich
Gartenschaugasse,1100,Wien,Oesterreich
Gartenstrasse,5071,Wals-Siezenheim,Oesterreich
Gartenstrasse,5710,Kaprun,Oesterreich
Gartenstrasse,5723,Uttendorf,Oesterreich
Gartenweg,5500,Bischofshofen,Oesterreich
Gasometer D,1110,Wien,Oesterreich
Gasteg,5761,Maria Alm/Steinernen Meer,Oesterreich
Gastein,5151,Nussdorf/Haunsberg,Oesterreich
Gasthofberg,5531,Eben/Pongau,Oesterreich
Gatterholzgasse,1120,Wien,Oesterreich
Gaussplatz,1020,Wien,Oesterreich
Gebirgsgasse,1230,Wien,Oesterreich
Geiernestgassl,5741,Neukirchen/Grossvenediger,Oesterreich
Geissmayerstrasse,5020,Salzburg,Oesterreich
Gemeindeberggasse,1130,Wien,Oesterreich
Gemeindestrasse,5542,Flachau,Oesterreich
Gemeindeweg,5113,St.Georgen b.Sbg.,Oesterreich
General-Albori-Strasse,5061,Elsbethen,Oesterreich
Gensgitsch,5580,Tamsweg,Oesterreich
Georg Trakl Weg,5082,Groedig,Oesterreich
Georg-Emmerling-Hof,1020,Wien,Oesterreich
Georgistrasse,1210,Wien,Oesterreich
Gerambgasse,1220,Wien,Oesterreich
Gerbergasse,1230,Wien,Oesterreich
Gerberstrasse,5020,Salzburg,Oesterreich
Gerhard-Buechl-Weg,1220,Wien,Oesterreich
Gerlgasse,5582,St.Michael/Lungau,Oesterreich
Germanstaett,5162,Obertrum/See,Oesterreich
Gersbergweg,5020,Salzburg,Oesterreich
Gertrude-Froehlich-Sandner-Strasse,1100,Wien,Oesterreich
Getreidemarkt,1060,Wien,Oesterreich
Gewerbegebiet Nord,5204,Strasswalchen,Oesterreich
Gewerbepark,5621,St.Veit/Pongau,Oesterreich
Gewerbepark Harham,5760,Saalfelden/Steinernen Meer,Oesterreich
Gewerbepark-Tenneck,5451,Werfen,Oesterreich
Gewerbestrasse,5300,Hallwang,Oesterreich
Gewerbestrasse,5671,Bruck/Grossglocknerstrasse,Oesterreich
Gewerbestrasse-Ost,5722,Niedernsill,Oesterreich
Geyergasse,1180,Wien,Oesterreich
Ghegastrasse,5023,Salzburg,Oesterreich
Gilmagasse,1020,Wien,Oesterreich
Gimelsberg,5164,Seeham,Oesterreich
Ginsterweg,1220,Wien,Oesterreich
Girtenhofweg,5423,St.Koloman,Oesterreich
Gisela-Legath-Gasse,1220,Wien,Oesterreich
Gislarweg,5300,Hallwang,Oesterreich
Glaneggerstrasse,5082,Groedig,Oesterreich
Glanzhuegel,5202,Neumarkt/Wallersee,Oesterreich
Glasergasse,1090,Wien,Oesterreich
Glashuette,5582,St.Michael/Lungau,Oesterreich
Glemmerstrasse,5751,Maishofen,Oesterreich
Gletscherschliffweg,5423,St.Koloman,Oesterreich
Glossystrasse,1140,Wien,Oesterreich
Gmarchhaufenstrasse,1220,Wien,Oesterreich
Gnadenalmstrasse,5562,Untertauern,Oesterreich
Gneiser Strasse,5020,Salzburg,Oesterreich
Goellstrasse,5412,Puch b.Hallein,Oesterreich
Goethestrasse,5020,Salzburg,Oesterreich
Goettweihergasse,1010,Wien,Oesterreich
Goldeggerstrasse,5620,Schwarzach/Pongau,Oesterreich
Goldschlagstrasse,1150,Wien,Oesterreich
Golfstrasse,5640,Bad Gastein,Oesterreich
Gollegg,5611,Grossarl,Oesterreich
Golsweg,5061,Elsbethen,Oesterreich
Gomperzgasse,1160,Wien,Oesterreich
Gotramgasse,1220,Wien,Oesterreich
Gottfried-Schenker-Strasse,5101,Bergheim,Oesterreich
Gottschalkgasse,1110,Wien,Oesterreich
Gottswinden,5205,Schleedorf,Oesterreich
Grabenbauernweg,5020,Salzburg,Oesterreich
Grabengasse,1170,Wien,Oesterreich
Grabenmuehlweg,5023,Koppl,Oesterreich
Grabnersiedlung,5542,Flachau,Oesterreich
Gradingergasse,1210,Wien,Oesterreich
Grafenbergweg,5602,Wagrain,Oesterreich
Grafenwies,5302,Henndorf/Wallersee,Oesterreich
Graf-Seilern-Gasse,1120,Wien,Oesterreich
Grashofgasse,1010,Wien,Oesterreich
Grasslau,5500,Bischofshofen,Oesterreich
Grauertgasse,1230,Wien,Oesterreich
Gregor-Ulbrich-Gasse,1210,Wien,Oesterreich
Grellgasse,1210,Wien,Oesterreich
Grenzweg,8974,Radstadt,Oesterreich
Greutberggasse,1140,Wien,Oesterreich
Griesmeisterplatz,5400,Hallein,Oesterreich
Grillgasse,1110,Wien,Oesterreich
Grinzinger Steig,1190,Wien,Oesterreich
Groedigerweg (Gois),5071,Gois,Oesterreich
Groegernweg,5324,Faistenau,Oesterreich
Grohnergasse,1100,Wien,Oesterreich
Grosse Pfarrgasse,1020,Wien,Oesterreich
Grosser Ring,1130,Wien,Oesterreich
Grossmarktstrasse,1230,Wien,Oesterreich
Grossschopfplatz,1210,Wien,Oesterreich
Grubach,5423,St.Koloman,Oesterreich
Gruben,5592,Thomatal,Oesterreich
Gruberfeldweg,5322,Hof b.Sbg.,Oesterreich
Gruengasse,1040,Wien,Oesterreich
Grundemanngasse,1220,Wien,Oesterreich
Gschwandnergasse,1170,Wien,Oesterreich
Gsellhofergasse,1230,Wien,Oesterreich
Guenter-Bauer-Strasse,5071,Himmelreich,Oesterreich
Gueterhallestrasse,5020,Salzburg,Oesterreich
Gugg Gasse,5111,Buermoos,Oesterreich
Guggenmoosstrasse,5400,Hallein,Oesterreich
Guglgasse,1110,Wien,Oesterreich
Gumping,5092,St.Martin b.Lofer,Oesterreich
Gundackergasse,1220,Wien,Oesterreich
Guneschgasse,1190,Wien,Oesterreich
Gurkgasse,1140,Wien,Oesterreich
Gutenbrunnweg,5630,Bad Hofgastein,Oesterreich
Gutraterplatz,1160,Wien,Oesterreich
Gutzkowplatz,1130,Wien,Oesterreich
Gymnasiumstrasse,1190,Wien,Oesterreich
Haarbergweg,5440,Golling/Salzach,Oesterreich
Haasgasse,1020,Wien,Oesterreich
Habergstrasse,5350,Strobl,Oesterreich
Hackenbuchnerweg,5082,Groedig,Oesterreich
Hacklberg,5722,Niedernsill,Oesterreich
Hacklgasse,5722,Niedernsill,Oesterreich
Hadersbergensteig,1230,Wien,Oesterreich
Haeussermannweg,1030,Wien,Oesterreich
Hagenau,5020,Salzburg,Oesterreich
Hagerauweg,5400,Hallein,Oesterreich
Hagnbichl,5751,Maishofen,Oesterreich
Haid,5751,Maishofen,Oesterreich
Haidersberggasse,1140,Wien,Oesterreich
Haidmannsgasse,1150,Wien,Oesterreich
Haidweg,5754,Hinterglemm,Oesterreich
Hainachstrasse,5161,Elixhausen,Oesterreich
Hainburger Strasse,1030,Wien,Oesterreich
Hakelgasse,1110,Wien,Oesterreich
Hallburgstrasse,5400,Hallein,Oesterreich
Hallersbichlweg,5422,Hallein,Oesterreich
Hallwanger Landesstrasse,5023,Salzburg,Oesterreich
Haltestellenweg,5630,Bad Hofgastein,Oesterreich
Hameauweg,1170,Wien,Oesterreich
Hammerschmiedstrasse,5102,Anthering,Oesterreich
Hangstrasse,5201,Seekirchen/Wallersee,Oesterreich
Hanlhofweg,5400,Hallein,Oesterreich
Hannesweg,5026,Salzburg,Oesterreich
Hans Schmidinger-Strasse,5303,Thalgau,Oesterreich
Hans-Binder-Hof,1070,Wien,Oesterreich
Hanselmannsiedlung,5741,Neukirchen/Grossvenediger,Oesterreich
Hans-Prodinger-Strasse,5020,Salzburg,Oesterreich
Hans-Treml-Strasse,5500,Bischofshofen,Oesterreich
Hanuschgasse,1010,Wien,Oesterreich
Hardtweg,5640,Bad Gastein,Oesterreich
Harkortstrasse,1020,Wien,Oesterreich
Harthausergasse,1120,Wien,Oesterreich
Hartlgasse,1200,Wien,Oesterreich
Hasenauerstrasse,1190,Wien,Oesterreich
Hasenleiten,1110,Wien,Oesterreich
Haslangerweg,5522,St.Martin/Tennengebirge,Oesterreich
Hasnerstrasse,1160,Wien,Oesterreich
Haspingerstrasse,5550,Radstadt,Oesterreich
Hassreitersteig,1230,Wien,Oesterreich
Haunsbergstrasse,5112,Lamprechtshausen,Oesterreich
Hauptstrasse,1140,Wien,Oesterreich
Hauptstrasse,5164,Seeham,Oesterreich
Hauptstrasse,5600,St.Johann/Pongau,Oesterreich
Hauserdorfstrasse,5662,Bruck/Grossglocknerstrasse,Oesterreich
Hauslehenweg,5424,Bad Vigaun,Oesterreich
Hausstattstrasse,5302,Henndorf/Wallersee,Oesterreich
Haydnhof,1120,Wien,Oesterreich
Hebragasse,1090,Wien,Oesterreich
Heckengasse,5721,Piesendorf,Oesterreich
Hedy-Lamarr-Weg,1120,Wien,Oesterreich
Hefenscher,5524,Annaberg-Lungoetz,Oesterreich
Heigerleinstrasse,1160,Wien,Oesterreich
Heiligensteinstrasse,5323,Ebenau,Oesterreich
Heimstrasse,5020,Salzburg,Oesterreich
Heinrich-Collin-Strasse,1140,Wien,Oesterreich
Heinrich-Lefler-Gasse,1220,Wien,Oesterreich
Heinz-Nittel-Weg,1130,Wien,Oesterreich
Helenenstrasse,5340,St.Gilgen,Oesterreich
Helfertgasse,1120,Wien,Oesterreich
Hellbrunnerstrasse,5081,Anif,Oesterreich
Hellstrasse,5422,Hallein,Oesterreich
Helming,5203,Koestendorf,Oesterreich
Hemerach,5583,Muhr,Oesterreich
Henndorfer Strasse,5303,Thalgau,Oesterreich
Henslerstrasse,1030,Wien,Oesterreich
Herbert-Boeckl-Weg,1220,Wien,Oesterreich
Herbert-von-Karajan-Platz,1010,Wien,Oesterreich
Herderplatz,1110,Wien,Oesterreich
Heribert-Rath-Weg,1220,Wien,Oesterreich
Hermann & Muellerweg,5671,Bruck/Grossglocknerstrasse,Oesterreich
Hermann-Gebauer-Strasse,1220,Wien,Oesterreich
Hermann-Gmeiner-Strasse,5201,Seekirchen/Wallersee,Oesterreich
Hermann-Mark-Gasse,1100,Wien,Oesterreich
Hermann-Schoene-Platz,1100,Wien,Oesterreich
Hermine-Dasovsky-Platz,1220,Wien,Oesterreich
Hernstorferstrasse,1140,Wien,Oesterreich
Hertlgasse,1160,Wien,Oesterreich
Herzgsellweg,5541,Altenmarkt/Pongau,Oesterreich
Hetzendorfer Strasse,1130,Wien,Oesterreich
Heuberg,5651,Lend,Oesterreich
Hibiskusweg,1220,Wien,Oesterreich
Hietzinger Kai,1130,Wien,Oesterreich
Hillerstrasse,1020,Wien,Oesterreich
Himmelpfortgasse,1010,Wien,Oesterreich
Himmelreich,5071,Himmelreich,Oesterreich
Hinterau,5350,Strobl,Oesterreich
Hintergasse,5730,Mittersill,Oesterreich
Hinterhagweg,5753,Saalbach,Oesterreich
Hinterleitenweg,5710,Kaprun,Oesterreich
Hintermaisweg,5754,Hinterglemm,Oesterreich
Hinterrain,5532,Filzmoos,Oesterreich
Hinterschneeberg,5640,Bad Gastein,Oesterreich
Hintzerstrasse,1030,Wien,Oesterreich
Hirschenhoehstrasse,5450,Werfen,Oesterreich
Hlawkagasse,1100,Wien,Oesterreich
Hochalm,5591,Ramingstein,Oesterreich
Hochedtweg,5301,Eugendorf,Oesterreich
Hochfeld,5303,Thalgau,Oesterreich
Hochfeldweg,5322,Hof b.Sbg.,Oesterreich
Hochgitzenstrasse,5101,Bergheim,Oesterreich
Hochkoenigstrasse,5761,Maria Alm/Steinernen Meer,Oesterreich
Hochstrasse (Penzing),1140,Wien,Oesterreich
Hochtennstrasse,5700,Zell/See,Oesterreich
Hochwiesenweg,1130,Wien,Oesterreich
Hoechsmannweg,1220,Wien,Oesterreich
Hoechweg,5542,Flachau,Oesterreich
Hoef,5660,Taxenbach,Oesterreich
Hoeglstrasse,5020,Salzburg,Oesterreich
Hoehenweg,5300,Hallwang,Oesterreich
Hoellbacherweg,5300,Hallwang,Oesterreich
Hof,5602,Wagrain,Oesterreich
Hofergasse,5071,Wals-Siezenheim,Oesterreich
Hoferstrasse,5302,Henndorf/Wallersee,Oesterreich
Hofgasse,5542,Flachau,Oesterreich
Hofherrgasse,1100,Wien,Oesterreich
Hofjaegerstrasse,1130,Wien,Oesterreich
Hofmark,5602,Wagrain,Oesterreich
Hofmuehlgasse,1060,Wien,Oesterreich
Hofzeile,1190,Wien,Oesterreich
Hohe Arche-Strasse,5721,Piesendorf,Oesterreich
Hohenbergstrasse,1120,Wien,Oesterreich
Hohenstaufenweg,5412,Puch b.Hallein,Oesterreich
Hollerweg,5151,Nussdorf/Haunsberg,Oesterreich
Holunderstrasse,5071,Wals-Siezenheim,Oesterreich
Holzfeld,5204,Strasswalchen,Oesterreich
Holzhauser Strasse,5113,St.Georgen b.Sbg.,Oesterreich
Holzhauserweg,5112,Lamprechtshausen,Oesterreich
Holzmeistergasse,1210,Wien,Oesterreich
Hopfenstrasse,5111,Buermoos,Oesterreich
Hornerweg,5541,Altenmarkt/Pongau,Oesterreich
Horvathgasse,1160,Wien,Oesterreich
Hoyosgasse,1040,Wien,Oesterreich
Hubert-Gsur-Gasse,1100,Wien,Oesterreich
Hubstrasse,5600,St.Johann/Pongau,Oesterreich
Huehnerauweg,5400,Hallein,Oesterreich
Huehnersteigstrasse,1140,Wien,Oesterreich
Huetteldorfer Strasse,1150,Wien,Oesterreich
Huettenbrennergasse,1030,Wien,Oesterreich
Huettweg,5423,St.Koloman,Oesterreich
Hugo-Meisl-Weg,1100,Wien,Oesterreich
Hundsdorf,5660,Taxenbach,Oesterreich
Hungereckstrasse,1230,Wien,Oesterreich
Hutterstrasse,5582,St.Michael/Lungau,Oesterreich
Huttich,5201,Seekirchen/Wallersee,Oesterreich
Ibsenstrasse,1160,Wien,Oesterreich
Iglsbach,5511,Huettau,Oesterreich
Ignaz-Pleyel-Gasse,1100,Wien,Oesterreich
Illnerstrasse,1220,Wien,Oesterreich
Im Wiesengrund,5700,Zell/See,Oesterreich
Imbergstrasse,5020,Salzburg,Oesterreich
In der Klausen,1230,Wien,Oesterreich
Innerdorf,5724,Stuhlfelden,Oesterreich
Innovationsstrasse,1100,Wien,Oesterreich
Innstrasse,1200,Wien,Oesterreich
Irlachstrasse,5303,Thalgau,Oesterreich
Irrsdorferstrasse,5204,Strasswalchen,Oesterreich
Iselstrasse,5101,Bergheim,Oesterreich
Iserlohnerstrasse,5350,Strobl,Oesterreich
Jadengasse,1150,Wien,Oesterreich
Jaegerhausgasse,1120,Wien,Oesterreich
Jaegerweg,5301,Eugendorf,Oesterreich
Jagdenroid,5204,Strasswalchen,Oesterreich
Jagdschlossgasse,1130,Wien,Oesterreich
Jakobergasse,1010,Wien,Oesterreich
Jakob-Haringer-Strasse,5020,Salzburg,Oesterreich
Janecekhof,1200,Wien,Oesterreich
Jaschkagasse,1230,Wien,Oesterreich
Jaunerstrasse,1130,Wien,Oesterreich
Jean-Jaures-Hof,1100,Wien,Oesterreich
Jenny-Lind-Gasse,1100,Wien,Oesterreich
Jesuitenwiese,1020,Wien,Oesterreich
Jobstengutgasse,5411,Oberalm,Oesterreich
Jodok-Fink-Strasse,5020,Salzburg,Oesterreich
Joersgasse,1130,Wien,Oesterreich
Johannes-Freumbichler-Weg,5020,Salzburg,Oesterreich
Johann-Gottek-Gasse,1230,Wien,Oesterreich
Johann-Loecker-Strasse,5580,Tamsweg,Oesterreich
Johann-Nepomuk-Vogl-Platz,1180,Wien,Oesterreich
Johann-Petrak-Gasse,1110,Wien,Oesterreich
Johann-Schorsch-Gasse,1140,Wien,Oesterreich
Johann-Weber-Strasse,1210,Wien,Oesterreich
Josef Klampfer-Strasse,5203,Koestendorf,Oesterreich
Josef-Buehl-Gasse,1230,Wien,Oesterreich
Josef-Fritsch-Weg,1020,Wien,Oesterreich
Josef-Haas-Hof,1110,Wien,Oesterreich
Josef-Illedits-Hof,1030,Wien,Oesterreich
Josef-Mayburger-Kai,5020,Salzburg,Oesterreich
Josef-Prokop-Strasse,1140,Wien,Oesterreich
Josef-Ruston-Gasse,1210,Wien,Oesterreich
Josef-Schwarz-Gasse,1050,Wien,Oesterreich
Josefsgasse,1080,Wien,Oesterreich
Josef-Wiedermann-Hof,1190,Wien,Oesterreich
Josef-Österreicher-Gasse,1230,Wien,Oesterreich
Joseph-Lister-Gasse,1130,Wien,Oesterreich
Joseph-Roth-Gasse,1020,Wien,Oesterreich
Julius-Ficker-Strasse,1210,Wien,Oesterreich
Julius-Schlegel-Gasse,1210,Wien,Oesterreich
Jungferngasse,1010,Wien,Oesterreich
Jungmaisstrasse,1220,Wien,Oesterreich
Jupiterweg,1140,Wien,Oesterreich
Kaeferheimerstrasse (Kaeferheim),5071,Kaeferheim,Oesterreich
Kaerntnertorpassage,1010,Wien,Oesterreich
Kaesereiweg,5151,Nussdorf/Haunsberg,Oesterreich
Kaethe-Koenigstetter-Hof,1150,Wien,Oesterreich
Kafkasteg,1020,Wien,Oesterreich
Kagraner Platz,1220,Wien,Oesterreich
Kaindlweberweg,5061,Salzburg,Oesterreich
Kaiser Franz Josef-Strasse,5640,Bad Gastein,Oesterreich
Kaiserbachstrasse,5111,Buermoos,Oesterreich
Kaiserin Elisabeth-Promenade,5640,Bad Gastein,Oesterreich
Kaisersteiggasse,1230,Wien,Oesterreich
Kalkofenweg,5400,Hallein,Oesterreich
Kalkofenweg,5411,Oberalm,Oesterreich
Kalmanstrasse,1130,Wien,Oesterreich
Kaltnergasse,5020,Salzburg,Oesterreich
Kamelienweg,1220,Wien,Oesterreich
Kannegasse,1150,Wien,Oesterreich
Kantnergasse,1210,Wien,Oesterreich
Kapellenweg,5322,Hof b.Sbg.,Oesterreich
Kapellerweg,5201,Seekirchen/Wallersee,Oesterreich
Kapuzinerberg,5020,Salzburg,Oesterreich
Karczaggasse,1220,Wien,Oesterreich
Karl-Bekehrty-Strasse,1140,Wien,Oesterreich
Karl-Biedermann-Gasse,1210,Wien,Oesterreich
Karl-Flieher-Strasse,5700,Zell/See,Oesterreich
Karl-Hainzl-Strasse,5700,Zell/See,Oesterreich
Karl-Hoeller-Strasse,5020,Salzburg,Oesterreich
Karl-Kysela-Hof,1160,Wien,Oesterreich
Karlmuehlweg,5324,Faistenau,Oesterreich
Karl-Schoenherr-Strasse,5020,Salzburg,Oesterreich
Karl-Vogt-Strasse,5700,Zell/See,Oesterreich
Karlweisgasse,1180,Wien,Oesterreich
Karolinengasse,1040,Wien,Oesterreich
Karplusgasse,1100,Wien,Oesterreich
Kartouschgasse,1220,Wien,Oesterreich
Kasparekgasse,1220,Wien,Oesterreich
Katharina-Scheiter-Gasse,1210,Wien,Oesterreich
Kauergasse,1150,Wien,Oesterreich
Kaufhauserweg,5301,Eugendorf,Oesterreich
Kaunitzgasse,1060,Wien,Oesterreich
Kehlbach,5760,Saalfelden/Steinernen Meer,Oesterreich
Keilgasse,5722,Niedernsill,Oesterreich
Keimweg,1220,Wien,Oesterreich
Keltenstrasse,5082,Groedig,Oesterreich
Keltenweg,5020,Salzburg,Oesterreich
Kematingweg,5101,Bergheim,Oesterreich
Kendlbachweg,5522,St.Martin/Tennengebirge,Oesterreich
Kendlerstrasse,1140,Wien,Oesterreich
Kenyongasse,1070,Wien,Oesterreich
Kernwimm,5164,Seeham,Oesterreich
Kestnerweg,1160,Wien,Oesterreich
KGA Gartenfreunde Zur Zahnradbahn,1190,Wien,Oesterreich
Khekgasse,1230,Wien,Oesterreich
Kinderdorfstrasse,5671,Bruck/Grossglocknerstrasse,Oesterreich
Kinderfreibad Reinlgasse,1140,Wien,Oesterreich
Kinderspitalgasse,1090,Wien,Oesterreich
Kinkplatz,1140,Wien,Oesterreich
Kirchbichlweg,5162,Obertrum/See,Oesterreich
Kirchboden,5602,Wagrain,Oesterreich
Kirchengasse,5322,Hof b.Sbg.,Oesterreich
Kirchengasse (Favoriten),1100,Wien,Oesterreich
Kirchenplatz,5071,Gois,Oesterreich
Kirchenstrasse,5330,Fuschl/See,Oesterreich
Kirchenstrasse,5202,Neumarkt/Wallersee,Oesterreich
Kirchenweg,5324,Faistenau,Oesterreich
Kirchenweg,5531,Eben/Pongau,Oesterreich
Kirchgassweg,5532,Filzmoos,Oesterreich
Kirchleiten,5532,Filzmoos,Oesterreich
Kirchplatz,5752,Viehhofen,Oesterreich
Kirsteweg,1100,Wien,Oesterreich
Klagergasse,1210,Wien,Oesterreich
Klampfelberggasse,1170,Wien,Oesterreich
Klausbachstrasse,5061,Elsbethen,Oesterreich
Klausgasse,1160,Wien,Oesterreich
Klederinger Strasse,1100,Wien,Oesterreich
Kleegasse,1170,Wien,Oesterreich
Kleine Mohrengasse,1020,Wien,Oesterreich
Kleingmainer Gasse,5020,Salzburg,Oesterreich
Kleinhubweg,5500,Bischofshofen,Oesterreich
Kleinlehenstrasse,5102,Anthering,Oesterreich
Kleinsonnberg,5660,Taxenbach,Oesterreich
KLG Albern,1110,Wien,Oesterreich
KLG Am Anger,1120,Wien,Oesterreich
KLG Am Hoerndlwald,1130,Wien,Oesterreich
KLG Am Lindkogl,1100,Wien,Oesterreich
KLG Am Ries Strasser,1220,Wien,Oesterreich
KLG An der Lebnergasse,1210,Wien,Oesterreich
KLG Blumental Alt,1100,Wien,Oesterreich
KLG Brigittenau,1200,Wien,Oesterreich
KLG Burgstall,1190,Wien,Oesterreich
KLG Donaufelder Kleingaerten,1210,Wien,Oesterreich
KLG Eiche,1140,Wien,Oesterreich
KLG Esparsette Altmannsdorfer Friedhof,1120,Wien,Oesterreich
KLG Fischeralm,1100,Wien,Oesterreich
KLG Fuchsenloch,1160,Wien,Oesterreich
KLG Gartenfreunde Floetzersteig,1140,Wien,Oesterreich
KLG Gisela,1210,Wien,Oesterreich
KLG Grinzing Arnoldsau,1190,Wien,Oesterreich
KLG Grinzing Meiselberg,1190,Wien,Oesterreich
KLG Gruenland Donaufeld,1210,Wien,Oesterreich
KLG Hackenberg Georg Loibl,1190,Wien,Oesterreich
KLG Hackenberg Suedabhang,1190,Wien,Oesterreich
KLG Heschweg,1140,Wien,Oesterreich
KLG Himmelteich,1220,Wien,Oesterreich
KLG In den oberen Falkenbergen,1210,Wien,Oesterreich
KLG Kleiner Damm,1210,Wien,Oesterreich
KLG Kriegsinvalide Österreich,1100,Wien,Oesterreich
KLG Landstrasser Guertel,1030,Wien,Oesterreich
KLG Leopoldau Ladestelle,1210,Wien,Oesterreich
KLG Lust und Nutzgartenverein,1220,Wien,Oesterreich
KLG Meisenbuehel,1130,Wien,Oesterreich
KLG Neu Rosental,1140,Wien,Oesterreich
KLG Neugebaeude Schloss,1110,Wien,Oesterreich
KLG Ober dem Heustadlwasser,1020,Wien,Oesterreich
KLG Reifental,1100,Wien,Oesterreich
KLG Rosental,1140,Wien,Oesterreich
KLG Satzberg Neu,1140,Wien,Oesterreich
KLG Schafbergsiedlung (Gr.C),1170,Wien,Oesterreich
KLG Schellensee,1230,Wien,Oesterreich
KLG Siebenhirten,1230,Wien,Oesterreich
KLG Sonnenheim Eigengruende,1220,Wien,Oesterreich
KLG Stammersdorf Gruppe Sued,1210,Wien,Oesterreich
KLG Thujasee,1220,Wien,Oesterreich
KLG Unterm Sender,1100,Wien,Oesterreich
KLG Vogelsang,1180,Wien,Oesterreich
KLG Waldhuettensiedlung,1170,Wien,Oesterreich
KLG Weichselgarten,1100,Wien,Oesterreich
KLG ÖBB Brigittenau 2096,1020,Wien,Oesterreich
KLG ÖBB Gruppe Zehetmeier,1140,Wien,Oesterreich
KLG ÖBB Jedlesee-Werkstaette 2071,1210,Wien,Oesterreich
KLG ÖBB Maxing Schwimmschulteich,1100,Wien,Oesterreich
KLG ÖBB Meidling-Strecke 2052,1230,Wien,Oesterreich
KLG Ödenburgerstrasse,1210,Wien,Oesterreich
Klimtgasse,1120,Wien,Oesterreich
Klingerstrasse,1230,Wien,Oesterreich
Klinik Hietzing,1130,Wien,Oesterreich
Klosehof,1190,Wien,Oesterreich
Klostermanngasse,1230,Wien,Oesterreich
Knaackgasse,1210,Wien,Oesterreich
Knappenweg,5700,Zell/See,Oesterreich
Knollgasse,1170,Wien,Oesterreich
Kobelgasse,1110,Wien,Oesterreich
Koehlergasse,1180,Wien,Oesterreich
Koelblgasse,1030,Wien,Oesterreich
Koellnerhofgasse,1010,Wien,Oesterreich
Koenigsleiten,5742,Wald/Pinzgau,Oesterreich
Koernergasse,1020,Wien,Oesterreich
Koestendorfer Strasse,5202,Neumarkt/Wallersee,Oesterreich
Kohbauernstrasse,5203,Koestendorf,Oesterreich
Kohlgasse,1050,Wien,Oesterreich
Kohlstattstrasse,5102,Anthering,Oesterreich
Kollergerngasse,1060,Wien,Oesterreich
Kollmayergasse,1120,Wien,Oesterreich
Koloniestrasse,1210,Wien,Oesterreich
Konrad-Grefe-Gasse,1230,Wien,Oesterreich
Konstanziagasse,1220,Wien,Oesterreich
Koppstrasse,1160,Wien,Oesterreich
Kornauthgasse,1100,Wien,Oesterreich
Kornweg,5071,Viehhausen,Oesterreich
Kracherstrasse,5071,Wals-Siezenheim,Oesterreich
Kraftwerkstrasse,5620,Schwarzach/Pongau,Oesterreich
Kramer-Gloeckner-Strasse,1130,Wien,Oesterreich
Kranichberggasse,1120,Wien,Oesterreich
Kranlweg,1190,Wien,Oesterreich
Kranzlmarkt,5020,Salzburg,Oesterreich
Kratky-Baschik-Weg,1020,Wien,Oesterreich
Krautgarten,5071,Wals-Siezenheim,Oesterreich
Kravoglgasse,1210,Wien,Oesterreich
Kressenweg,1220,Wien,Oesterreich
Kreuzangerweg,5424,Bad Vigaun,Oesterreich
Kreuzbruecklweg,5020,Salzburg,Oesterreich
Kreuzfeld,5730,Mittersill,Oesterreich
Kreuzfeldweg,5101,Bergheim,Oesterreich
Kreuzsalgasse,5603,Kleinarl,Oesterreich
Kreuzwiesengasse,1170,Wien,Oesterreich
Krispl,5425,Krispl,Oesterreich
Kroegerbauernstrasse,5411,Oberalm,Oesterreich
Kroellgasse,1150,Wien,Oesterreich
Krotenthallergasse,1080,Wien,Oesterreich
Kruezerweg,5020,Salzburg,Oesterreich
Kuchelauer Hafenstrasse,1190,Wien,Oesterreich
Kuefsteingasse,1140,Wien,Oesterreich
Kuehwoerther Wasser,1220,Wien,Oesterreich
Kuenstlerhausgasse,5020,Salzburg,Oesterreich
Kugelgartenweg,5412,Puch b.Hallein,Oesterreich
Kulstrunkstrasse,5026,Salzburg,Oesterreich
Kupelwiesergasse,1130,Wien,Oesterreich
Kupferschmiedgasse,1010,Wien,Oesterreich
Kurpromenade,5630,Bad Hofgastein,Oesterreich
Kutschkergasse,1180,Wien,Oesterreich
Laberlweg,1220,Wien,Oesterreich
Lackenalmweg,5541,Altenmarkt/Pongau,Oesterreich
Lackenweg,5751,Maishofen,Oesterreich
Laerchengasse,5582,St.Michael/Lungau,Oesterreich
Laerchenweg,5760,Saalfelden/Steinernen Meer,Oesterreich
Lagergasse,1030,Wien,Oesterreich
Laimaeckergasse,1100,Wien,Oesterreich
Lamberggasse,5020,Salzburg,Oesterreich
Lamezanstrasse,1230,Wien,Oesterreich
Lammertalweg,5522,St.Martin/Tennengebirge,Oesterreich
Landaugasse,1220,Wien,Oesterreich
Landrichterweg,5730,Mittersill,Oesterreich
Landskrongasse,1010,Wien,Oesterreich
Landsturmstrasse,5020,Salzburg,Oesterreich
Langauergasse,1150,Wien,Oesterreich
Langeggweg,5532,Filzmoos,Oesterreich
Langwies,5424,Bad Vigaun,Oesterreich
Lanzenstrasse,5423,St.Koloman,Oesterreich
Larischgasse,1220,Wien,Oesterreich
Lasa,5572,St.Andrae/Lungau,Oesterreich
Lasserstrasse,5020,Salzburg,Oesterreich
Latschkagasse,1090,Wien,Oesterreich
Laubeplatz,1100,Wien,Oesterreich
Laurenz-Barchetti-Gasse,1220,Wien,Oesterreich
Lavantgasse,1210,Wien,Oesterreich
Layerweg,1220,Wien,Oesterreich
Lazargasse,1180,Wien,Oesterreich
Lebachstrasse,5322,Hof b.Sbg.,Oesterreich
Lechnerstrasse,1030,Wien,Oesterreich
Lederergasse,5204,Strasswalchen,Oesterreich
Lederwaschstrasse,5580,Tamsweg,Oesterreich
Lehargasse,1060,Wien,Oesterreich
Lehen,5621,St.Veit/Pongau,Oesterreich
Lehenweg,5542,Flachau,Oesterreich
Lehnergasse (Liesing),1230,Wien,Oesterreich
Lehrbachgasse,1120,Wien,Oesterreich
Leisnitzweg,5581,St.Margarethen/Lungau,Oesterreich
Leitenhaus,5441,Abtenau,Oesterreich
Leithen,5591,Ramingstein,Oesterreich
Lengbergstrasse,5722,Niedernsill,Oesterreich
Lenzgartenweg,5026,Salzburg,Oesterreich
Leo-Lehner-Gasse,1220,Wien,Oesterreich
Leo-Neumayer-Platz,5600,St.Johann/Pongau,Oesterreich
Leopold-Ferstl-Gasse,1210,Wien,Oesterreich
Leopold-Horacek-Hof,1220,Wien,Oesterreich
Leopold-Pfest-Strasse,5023,Salzburg,Oesterreich
Leopold-Ungar-Platz,1190,Wien,Oesterreich
Lerchenfelder Guertel,1080,Wien,Oesterreich
Lerchengasse,5111,Buermoos,Oesterreich
Lessingstrasse,5020,Salzburg,Oesterreich
Lettenweg,5321,Koppl,Oesterreich
Lexergasse,1220,Wien,Oesterreich
Libellenweg,1140,Wien,Oesterreich
Lichtenbergstrasse,5760,Saalfelden/Steinernen Meer,Oesterreich
Lichtentalerpark,1090,Wien,Oesterreich
Lidaunweg,5323,Ebenau,Oesterreich
Liechtenwerder Platz,1090,Wien,Oesterreich
Lieferinger Hauptstrasse,5020,Salzburg,Oesterreich
Lienbachweg,5423,St.Koloman,Oesterreich
Liepoltgasse,1230,Wien,Oesterreich
Liesingbachstrasse,1100,Wien,Oesterreich
Liftweg,5661,Rauris,Oesterreich
Lilienbrunngasse,1020,Wien,Oesterreich
Lilienweg,5350,Strobl,Oesterreich
Lina,5162,Obertrum/See,Oesterreich
Lindauergasse (Liesing),1230,Wien,Oesterreich
Lindenweg,5102,Anthering,Oesterreich
Lindgasse,5710,Kaprun,Oesterreich
Linzer Gasse,5020,Salzburg,Oesterreich
Litzldorfstrasse,5723,Uttendorf,Oesterreich
Ljuba-Welitsch-Promenade,1030,Wien,Oesterreich
Lobenhauerngasse,1170,Wien,Oesterreich
Lobkowitztunnel,1150,Wien,Oesterreich
Loefflergasse,1130,Wien,Oesterreich
Loewensternstrasse,5400,Hallein,Oesterreich
Loewyweg,1100,Wien,Oesterreich
Loferer Bundesstrasse,5700,Zell/See,Oesterreich
Lohmuehle,5324,Faistenau,Oesterreich
Lohstrasse,5324,Faistenau,Oesterreich
Loidoldgasse,1080,Wien,Oesterreich
Loipferding,5110,Lamprechtshausen,Oesterreich
Lorenz Boehler Krankenhaus,1200,Wien,Oesterreich
Lorenz-Kellner-Schule,1220,Wien,Oesterreich
Lorenz-Mueller-Gasse,1200,Wien,Oesterreich
Lorettoplatz,1210,Wien,Oesterreich
Lotte-Lehmann-Promenade,5026,Salzburg,Oesterreich
Louise-Martini-Weg,1030,Wien,Oesterreich
Lucasweg,1120,Wien,Oesterreich
Ludwig-Viktor-Gasse,5020,Salzburg,Oesterreich
Lueger-Waldweg,5340,St.Gilgen,Oesterreich
Luetzowhof,1140,Wien,Oesterreich
Lugeck,1010,Wien,Oesterreich
Lukasfeldweg,5661,Rauris,Oesterreich
Lundgasse,1100,Wien,Oesterreich
Luzegasse,1110,Wien,Oesterreich
Maargasse,1230,Wien,Oesterreich
Machstrasse,1020,Wien,Oesterreich
Madelgasse,5411,Oberalm,Oesterreich
Maelzelplatz,1220,Wien,Oesterreich
Maerzpark,1150,Wien,Oesterreich
Magazinstrasse,5020,Salzburg,Oesterreich
Maierhof,5622,Goldegg,Oesterreich
Maierhofweg,5632,Dorfgastein,Oesterreich
Maisgasse,1210,Wien,Oesterreich
Maislaufeldweg,5661,Rauris,Oesterreich
Malerweg,5020,Salzburg,Oesterreich
Mandldorf,5611,Grossarl,Oesterreich
Mandleitenweg,5531,Eben/Pongau,Oesterreich
Mandlingweg,5532,Filzmoos,Oesterreich
Mannaberggasse,1220,Wien,Oesterreich
Mannswoerther Strasse,1110,Wien,Oesterreich
Maraltstrasse,5400,Hallein,Oesterreich
Marco-d'Aviano-Gasse,1010,Wien,Oesterreich
Marco-Polo-Platz,1210,Wien,Oesterreich
Margaretenstrasse,1040,Wien,Oesterreich
Margit-Doppler-Gasse,1220,Wien,Oesterreich
Maria-Emhart-Weg,1220,Wien,Oesterreich
Mariahilfer Strasse,1060,Wien,Oesterreich
Marianne-Hainisch-Gasse,1030,Wien,Oesterreich
Marianne-und-Oskar-Pollak-Hof,1210,Wien,Oesterreich
Maria-Restituta-Hof,1050,Wien,Oesterreich
Maria-Theresien-Strasse,1090,Wien,Oesterreich
Maria-Werhahn-Weg,5350,Strobl,Oesterreich
Marie-Jahoda-Gasse,1170,Wien,Oesterreich
Marienweg,1170,Wien,Oesterreich
Marischkapromenade,1210,Wien,Oesterreich
Markt,5441,Abtenau,Oesterreich
Marktplatz,5163,Mattsee,Oesterreich
Marktstrasse,5110,Oberndorf b.Sbg.,Oesterreich
Markus-Sittikus-Strasse,5020,Salzburg,Oesterreich
Marlen-Haushofer-Weg,1220,Wien,Oesterreich
Marokkanergasse,1030,Wien,Oesterreich
Marschnergasse,1160,Wien,Oesterreich
Martha-Steffy-Browne-Gasse,1210,Wien,Oesterreich
Martin-Helminger-Strasse,5201,Seekirchen/Wallersee,Oesterreich
Maschlweg,5600,St.Johann/Pongau,Oesterreich
Matthaeus-Lang-Gasse,5550,Radstadt,Oesterreich
Matthias-Schoenerer-Gasse,1150,Wien,Oesterreich
Mattseerstrasse,5162,Obertrum/See,Oesterreich
Matzenstrasse,5721,Piesendorf,Oesterreich
Mauerbachstrasse,1140,Wien,Oesterreich
Maulwurfgasse,1210,Wien,Oesterreich
Maurer Strasse,5113,St.Georgen b.Sbg.,Oesterreich
Mausoleum,1160,Wien,Oesterreich
Max-Gandolf-Strasse,5201,Seekirchen/Wallersee,Oesterreich
Max-Koppe-Gasse,1020,Wien,Oesterreich
Max-Winter-Platz,1020,Wien,Oesterreich
Mayerhofen,5760,Saalfelden/Steinernen Meer,Oesterreich
Mayersbergweg,5724,Stuhlfelden,Oesterreich
Mayrhauserweg,5302,Henndorf/Wallersee,Oesterreich
Mayrmuehlweg,5303,Thalgau,Oesterreich
Media Tower,1020,Wien,Oesterreich
Mehlhartlweg,5580,Tamsweg,Oesterreich
Meierhofweg,5020,Salzburg,Oesterreich
Meischlgasse,1230,Wien,Oesterreich
Meitnergasse,1220,Wien,Oesterreich
Mela-Koehler-Strasse,1220,Wien,Oesterreich
Mentergasse,1070,Wien,Oesterreich
Mercedes-Benz Platz,5301,Eugendorf,Oesterreich
Meriangasse,1210,Wien,Oesterreich
Merkelgasse,1220,Wien,Oesterreich
Messenhausergasse,1030,Wien,Oesterreich
Messerschmidtgasse,1180,Wien,Oesterreich
Messingstrasse,5323,Ebenau,Oesterreich
Mettigweg,5023,Koppl,Oesterreich
Metzgerstrasse,5101,Bergheim,Oesterreich
Meyrinkgasse,1230,Wien,Oesterreich
Michaelbeuernstrasse,5020,Salzburg,Oesterreich
Michael-Kirschbichler-Weg,5110,Oberndorf b.Sbg.,Oesterreich
Michael-Rieser-Strasse,5151,Nussdorf/Haunsberg,Oesterreich
Midringweg,5300,Hallwang,Oesterreich
Migerkastrasse,1100,Wien,Oesterreich
Mihatschgasse,1210,Wien,Oesterreich
Millennium Tower,1200,Wien,Oesterreich
Minorgasse,1140,Wien,Oesterreich
Mischlgutweg,5081,Anif,Oesterreich
Mittelsteig,1110,Wien,Oesterreich
Mittelstrasse,5020,Salzburg,Oesterreich
Mittelweg (Hernals),1170,Wien,Oesterreich
Mitterberg,5585,Unternberg,Oesterreich
Mitterbergweg,5585,Unternberg,Oesterreich
Mittergasse,5710,Kaprun,Oesterreich
Mitterhofstrasse,5321,Koppl,Oesterreich
Mittersiller Bundesstrasse,5721,Piesendorf,Oesterreich
Mittersiller Bundesstrasse,5724,Stuhlfelden,Oesterreich
Mitterstrasse,5102,Anthering,Oesterreich
Mitterwirtsfeld,5721,Piesendorf,Oesterreich
Moagasse,5591,Ramingstein,Oesterreich
Moarweg,5061,Elsbethen,Oesterreich
Modereroetzweg,5423,St.Koloman,Oesterreich
Moellwaldplatz,1040,Wien,Oesterreich
Moerkweg,5020,Salzburg,Oesterreich
Moeslstrasse,5440,Golling/Salzach,Oesterreich
Mohnblumenweg,1220,Wien,Oesterreich
Mona-Lisa-Steiner-Weg (Meidling),1120,Wien,Oesterreich
Mondseestrasse,5340,St.Gilgen,Oesterreich
Mongweg,5730,Mittersill,Oesterreich
Montleartstrasse,1160,Wien,Oesterreich
Moorbad,5163,Mattsee,Oesterreich
Moos,5723,Uttendorf,Oesterreich
Moosedtweg,5301,Eugendorf,Oesterreich
Mooserbodenstrasse,5710,Kaprun,Oesterreich
Moosmuehlstrasse,5203,Koestendorf,Oesterreich
Moosstrasse,5201,Seekirchen/Wallersee,Oesterreich
Moosweg,5321,Koppl,Oesterreich
Moosweg,5541,Altenmarkt/Pongau,Oesterreich
Moosweg,5723,Uttendorf,Oesterreich
Mortaraplatz,1200,Wien,Oesterreich
Moserkellergasse,5202,Neumarkt/Wallersee,Oesterreich
Mossbachergasse,1140,Wien,Oesterreich
Motesiczkyweg,1210,Wien,Oesterreich
Mozartplatz,5020,Salzburg,Oesterreich
Mozartweg,5162,Obertrum/See,Oesterreich
Muechgasse,1110,Wien,Oesterreich
Muehlauhoehe,5340,St.Gilgen,Oesterreich
Muehlbacher Strasse,5500,Bischofshofen,Oesterreich
Muehlbachstrasse,5061,Elsbethen,Oesterreich
Muehlbachstrasse,5722,Niedernsill,Oesterreich
Muehlbachweg,5071,Kaeferheim,Oesterreich
Muehleistrasse,5081,Anif,Oesterreich
Muehlenweg,5671,Bruck/Grossglocknerstrasse,Oesterreich
Muehlhaeufelgasse,1220,Wien,Oesterreich
Muehlschuettelgasse,1210,Wien,Oesterreich
Muehlstrasse,5023,Salzburg,Oesterreich
Mueller-Rundegg-Weg,5020,Salzburg,Oesterreich
Muhrgasse,5020,Salzburg,Oesterreich
Munten,5205,Schleedorf,Oesterreich
Murgasse,5580,Tamsweg,Oesterreich
Museumsplatz,1010,Wien,Oesterreich
Musketierweg,1220,Wien,Oesterreich
Mutterbichl,5721,Piesendorf,Oesterreich
Myrbachgasse,1140,Wien,Oesterreich
Naderstrasse,1100,Wien,Oesterreich
Naschmarkt,1060,Wien,Oesterreich
Nauheimergasse,1120,Wien,Oesterreich
Nedbalgasse,1220,Wien,Oesterreich
Neggerndorf,5585,Unternberg,Oesterreich
Nelkengasse,5700,Zell/See,Oesterreich
Nestroygasse (Penzing),1140,Wien,Oesterreich
Neualmerstrasse,5400,Hallein,Oesterreich
Neuberger Strasse,5532,Filzmoos,Oesterreich
Neudaugasse,5741,Neukirchen/Grossvenediger,Oesterreich
Neugebaeudestrasse,1110,Wien,Oesterreich
Neuhofen,5204,Strasswalchen,Oesterreich
Neukommgasse,5020,Salzburg,Oesterreich
Neumarkterstrasse,5204,Strasswalchen,Oesterreich
Neumayrplatz,5400,Hallein,Oesterreich
Neurissener Anger,1220,Wien,Oesterreich
Neustatt,5585,Unternberg,Oesterreich
Neutorgasse,1010,Wien,Oesterreich
Neuwirtsgasse,5541,Altenmarkt/Pongau,Oesterreich
Newaldgasse,1090,Wien,Oesterreich
Niederland,5091,Unken,Oesterreich
Niederuntersberg,5621,St.Veit/Pongau,Oesterreich
Nikolausgasse,1130,Wien,Oesterreich
Nobilegasse,1150,Wien,Oesterreich
Noerdliche Randstrasse,1140,Wien,Oesterreich
Nonnberggasse,5020,Salzburg,Oesterreich
Nordwestbahnstrasse,1020,Wien,Oesterreich
Nowakgasse,1230,Wien,Oesterreich
Nussdorfer Platz,1190,Wien,Oesterreich
Nussdorferstrasse,5020,Salzburg,Oesterreich
Obelixturm,1220,Wien,Oesterreich
Oberbachstrasse,5522,St.Martin/Tennengebirge,Oesterreich
Oberdorfstrasse,5581,St.Margarethen/Lungau,Oesterreich
Obere Braeugasse,5760,Saalfelden/Steinernen Meer,Oesterreich
Obere Weissgerberstrasse,1030,Wien,Oesterreich
Oberer Markt,5400,Hallein,Oesterreich
Oberer Ronachweg,5753,Saalbach,Oesterreich
Oberfeldgasse,1220,Wien,Oesterreich
Oberhof,5620,Goldegg,Oesterreich
Oberkammerer,5721,Piesendorf,Oesterreich
Ober-Laaer Platz,1100,Wien,Oesterreich
Oberlandweg,5440,Golling/Salzach,Oesterreich
Oberliendorfweg,5424,Bad Vigaun,Oesterreich
Obernberg,5163,Mattsee,Oesterreich
Oberndorferstrasse,5541,Altenmarkt/Pongau,Oesterreich
Oberplainfeld,5325,Plainfeld,Oesterreich
Ober-Roden-Strasse,5760,Saalfelden/Steinernen Meer,Oesterreich
Oberroed,5112,Lamprechtshausen,Oesterreich
Obersonnberg,5761,Maria Alm/Steinernen Meer,Oesterreich
Oberst-Lepperdinger-Strasse,5071,Wals-Siezenheim,Oesterreich
Oberwinkl,5061,Elsbethen,Oesterreich
Obkirchergasse,1190,Wien,Oesterreich
Odoakergasse,1160,Wien,Oesterreich
Ogugasse,1220,Wien,Oesterreich
Olga-Perl-Weg,1120,Wien,Oesterreich
Opalgasse,1210,Wien,Oesterreich
Opernring,1010,Wien,Oesterreich
Opitzgasse,1130,Wien,Oesterreich
Orchisgasse,1220,Wien,Oesterreich
Ort,5552,Forstau,Oesterreich
Osenweg,5400,Hallein,Oesterreich
Oskar-Fritz-Schuh-Strasse,5084,Grossgmain,Oesterreich
Oskar-Grissemann-Strasse,1220,Wien,Oesterreich
Ospelgasse,1200,Wien,Oesterreich
Otmar-Brix-Gasse,1110,Wien,Oesterreich
Otting,5771,Leogang,Oesterreich
Otto-Gratzl-Hof,1200,Wien,Oesterreich
Otto-Herschmann-Gasse,1110,Wien,Oesterreich
Otto-Mraz-Hof,1110,Wien,Oesterreich
Otto-Storch-Gasse,1210,Wien,Oesterreich
Pablo-Neruda-Hof,1180,Wien,Oesterreich
Pachmayergasse,1110,Wien,Oesterreich
Palffygasse,1170,Wien,Oesterreich
Panethgasse,1220,Wien,Oesterreich
Panikengasse,1160,Wien,Oesterreich
Pantzergasse,1190,Wien,Oesterreich
Pappelweg,1220,Wien,Oesterreich
Paradeweg,1180,Wien,Oesterreich
Parkstrasse,5400,Hallein,Oesterreich
Partlgasse,1230,Wien,Oesterreich
Passage Friedrich-Engels-Platz,1200,Wien,Oesterreich
Passauer Weg,5111,Buermoos,Oesterreich
Passthurn,5730,Mittersill,Oesterreich
Pater-Zeininger-Platz,1190,Wien,Oesterreich
Paul-Hoerbiger-Weg,1130,Wien,Oesterreich
Paul-Wagner-Gasse,1110,Wien,Oesterreich
Peitlgasse,1210,Wien,Oesterreich
Pelikanstrasse,5020,Salzburg,Oesterreich
Perchtoldsdorfer Strasse,1230,Wien,Oesterreich
Perntergasse,1190,Wien,Oesterreich
Perwanger Strasse,5165,Berndorf b.Sbg.,Oesterreich
Peter Rosegger Strasse,5083,Groedig,Oesterreich
Petersbrunnstrasse,5020,Salzburg,Oesterreich
Petrusgasse,1030,Wien,Oesterreich
Pevetzgasse,1140,Wien,Oesterreich
Pfaffenberg,5163,Mattsee,Oesterreich
Pfarrer-Berger-Weg,5061,Elsbethen,Oesterreich
Pfarrer-Pasecker-Gasse,1210,Wien,Oesterreich
Pfarrfeld,5541,Altenmarkt/Pongau,Oesterreich
Pfarrfeldstrasse,5632,Dorfgastein,Oesterreich
Pfarrfriedhof Kahlenbergerdorf,1190,Wien,Oesterreich
Pfarrgasse,5440,Golling/Salzach,Oesterreich
Pfarrhofgutweg,5400,Hallein,Oesterreich
Pfarrweg,5161,Elixhausen,Oesterreich
Pfauengasse,1060,Wien,Oesterreich
Pfeifergasse,5020,Salzburg,Oesterreich
Pfeiffergasse,1150,Wien,Oesterreich
Pfingstrosenweg,1220,Wien,Oesterreich
Pflegerstrasse,5082,Groedig,Oesterreich
Pfluggasse,1090,Wien,Oesterreich
Pfongau West,5202,Neumarkt/Wallersee,Oesterreich
Philharmonikerstrasse,1010,Wien,Oesterreich
Piccaverweg,1140,Wien,Oesterreich
Pichldorfstrasse,5671,Bruck/Grossglocknerstrasse,Oesterreich
Pichlerweg,5440,Golling/Salzach,Oesterreich
Pilgramgasse,1050,Wien,Oesterreich
Pinaglgasse,1120,Wien,Oesterreich
Pirchangasse,1100,Wien,Oesterreich
Pirtendorf,5724,Stuhlfelden,Oesterreich
Pischelsdorf,5585,Unternberg,Oesterreich
Pladenfeld,5112,Lamprechtshausen,Oesterreich
Plainburgstrasse,5084,Grossgmain,Oesterreich
Planitzerweg,5722,Niedernsill,Oesterreich
Plenergasse,1180,Wien,Oesterreich
Plombergweg,5340,St.Gilgen,Oesterreich
Podhagskygasse,1220,Wien,Oesterreich
Poellach,5340,St.Gilgen,Oesterreich
Poellitz,5580,Tamsweg,Oesterreich
Poellnstrasse,5600,St.Johann/Pongau,Oesterreich
Poenningerweg,1160,Wien,Oesterreich
Poettlersiedlung,5531,Eben/Pongau,Oesterreich
Polzeggweg,5661,Rauris,Oesterreich
Poschingerstrasse,5020,Salzburg,Oesterreich
Poschlehenweg,5322,Hof b.Sbg.,Oesterreich
Poserweg,5661,Rauris,Oesterreich
Possingergasse,1150,Wien,Oesterreich
Posthorngasse,1030,Wien,Oesterreich
Postplatz,5700,Zell/See,Oesterreich
Poststrasse,5730,Mittersill,Oesterreich
Powolnygasse,1220,Wien,Oesterreich
Praschweg,5400,Hallein,Oesterreich
Praxmayermuehlweg,5020,Salzburg,Oesterreich
Pregartengasse,1210,Wien,Oesterreich
Preimis,5741,Neukirchen/Grossvenediger,Oesterreich
Pretschgogasse,1170,Wien,Oesterreich
Prielauweg,5751,Maishofen,Oesterreich
Primelweg,5350,Strobl,Oesterreich
Proepstlgasse,1220,Wien,Oesterreich
Promenadenstrasse,1140,Wien,Oesterreich
Promenadeweg (Liesing),1230,Wien,Oesterreich
Puechlgasse,1190,Wien,Oesterreich
Puettlingengasse,1130,Wien,Oesterreich
Pulvermacherweg,5020,Salzburg,Oesterreich
Purnweg,5563,Tweng,Oesterreich
Quadenstrasse,1220,Wien,Oesterreich
Quettensberg,5723,Uttendorf,Oesterreich
Rabenbichl,5532,Filzmoos,Oesterreich
Rabensteig,1010,Wien,Oesterreich
Radetzkystrasse,5020,Salzburg,Oesterreich
Raffaelgasse,1200,Wien,Oesterreich
Ragwurzgasse,1210,Wien,Oesterreich
Raiffeisenstrasse,5600,St.Johann/Pongau,Oesterreich
Rainberg,5300,Hallwang,Oesterreich
Rainergasse,1040,Wien,Oesterreich
Rainlehenstrasse,5451,Werfen,Oesterreich
Rainweg,5102,Anthering,Oesterreich
Ramingsteiner Strasse,5580,Tamsweg,Oesterreich
Randersbergweg,5084,Grossgmain,Oesterreich
Ranftlgasse,1170,Wien,Oesterreich
Ransburggasse,5542,Flachau,Oesterreich
Rappachgasse,1110,Wien,Oesterreich
Rathaus,1010,Wien,Oesterreich
Rathausplatz,5020,Salzburg,Oesterreich
Rauchenbachweg,5753,Saalbach,Oesterreich
Rauriser Strasse,5661,Rauris,Oesterreich
Raxlanerhofstrasse,5400,Hallein,Oesterreich
Rechenweg,5400,Hallein,Oesterreich
Reclamgasse,1220,Wien,Oesterreich
Redtenbachergasse,1160,Wien,Oesterreich
Rehabilitationszentrum Meidling,1120,Wien,Oesterreich
Rehrlgutweg,5412,Puch b.Hallein,Oesterreich
Rehwaldstrasse,5301,Eugendorf,Oesterreich
Reichenhaller Strasse,5020,Salzburg,Oesterreich
Reichkendlweg,5754,Hinterglemm,Oesterreich
Reiherweg,1220,Wien,Oesterreich
Reindlmuehlstrasse,5300,Hallwang,Oesterreich
Reinlgasse,1140,Wien,Oesterreich
Reischelgasse,5020,Salzburg,Oesterreich
Reischlweg,5071,Walserberg,Oesterreich
Reisnerstrasse,1030,Wien,Oesterreich
Reit,5662,Bruck/Grossglocknerstrasse,Oesterreich
Reiteckweg,5542,Flachau,Oesterreich
Reitersbachweg,5751,Maishofen,Oesterreich
Reiterweg,5723,Uttendorf,Oesterreich
Reith,5342,Abersee-St.Gilgen,Oesterreich
Reithweg,5753,Saalbach,Oesterreich
Reitlweg,5424,Bad Vigaun,Oesterreich
Reitsam,5505,Werfen,Oesterreich
Remsach,5640,Bad Gastein,Oesterreich
Rennbahnstrasse,5020,Salzburg,Oesterreich
Resselpark,1040,Wien,Oesterreich
Rettenbach,5730,Mittersill,Oesterreich
Rettenpacherstrasse,5020,Salzburg,Oesterreich
Retzenegg,5622,Schwarzach/Pongau,Oesterreich
Revier Muehlleiten,1220,Wien,Oesterreich
Richard-Kralik-Platz,1180,Wien,Oesterreich
Richard-Wagner-Platz,1160,Wien,Oesterreich
Richthausenstrasse,1170,Wien,Oesterreich
Ried,5342,St.Gilgen,Oesterreich
Riedlstrasse,5424,Bad Vigaun,Oesterreich
Riemenschneidergasse,1220,Wien,Oesterreich
Riferaufeldweg,5400,Hallein,Oesterreich
Rilkeplatz,1040,Wien,Oesterreich
Ringofenstrasse,5111,Buermoos,Oesterreich
Ringstrasse,5562,Untertauern,Oesterreich
Ringweg (Doebling),1190,Wien,Oesterreich
Rinnboeckstrasse,1110,Wien,Oesterreich
Ritter Lorenz von Stein Gasse,5111,Buermoos,Oesterreich
Robert-Blum-Hof,1200,Wien,Oesterreich
Robert-Hamerling-Gasse,1150,Wien,Oesterreich
Robert-Stolz-Platz,1010,Wien,Oesterreich
Rochusgasse,1030,Wien,Oesterreich
Rodauner Strasse,1230,Wien,Oesterreich
Roellgasse,1210,Wien,Oesterreich
Roemerkellerweg,5541,Altenmarkt/Pongau,Oesterreich
Roemerstrasse,5400,Hallein,Oesterreich
Roemerstrasse,5301,Eugendorf,Oesterreich
Roemerstrasse,5550,Radstadt,Oesterreich
Roemerweg,5061,Elsbethen,Oesterreich
Roemerweg,5325,Plainfeld,Oesterreich
Roemerweg,5630,Bad Hofgastein,Oesterreich
Roggendorfgasse,1170,Wien,Oesterreich
Rohrergasse (Hietzing),1130,Wien,Oesterreich
Rohrhofergasse,1110,Wien,Oesterreich
Roid,5205,Schleedorf,Oesterreich
Romberggasse,1230,Wien,Oesterreich
Rosa-Fischer-Gasse,1030,Wien,Oesterreich
Rosasgasse,1120,Wien,Oesterreich
Roseggergasse,1160,Wien,Oesterreich
Rosenbergstrasse,1220,Wien,Oesterreich
Rosengasse,5204,Strasswalchen,Oesterreich
Rosensteingasse,1170,Wien,Oesterreich
Rosental Bundesstrasse,5741,Neukirchen/Grossvenediger,Oesterreich
Rosenweg,5301,Eugendorf,Oesterreich
Rosenweg,5730,Mittersill,Oesterreich
Rossbrand,5532,Filzmoos,Oesterreich
Rotenloewengasse,1090,Wien,Oesterreich
Rothenburgstrasse,1120,Wien,Oesterreich
Rothschildplatz,1020,Wien,Oesterreich
Rott-Au,5020,Salzburg,Oesterreich
Rottstrasse,1140,Wien,Oesterreich
Ruchtifeldsiedlung,5303,Thalgau,Oesterreich
Rudofskyweg,1220,Wien,Oesterreich
Rudolf-Huber-Weg,1220,Wien,Oesterreich
Rudolf-Krammer-Hof,1060,Wien,Oesterreich
Rudolf-Nurejew-Promenade,1220,Wien,Oesterreich
Rudolf-Simon-Gasse,1110,Wien,Oesterreich
Rudolf-Waisenhorn-Gasse,1230,Wien,Oesterreich
Rueckaufgasse,1190,Wien,Oesterreich
Ruhrhofergasse,1170,Wien,Oesterreich
Ruinenweg,5400,Hallein,Oesterreich
Rupertiplatz,5301,Eugendorf,Oesterreich
Rupert-Steger-Gasse,5730,Mittersill,Oesterreich
Rupertusstrasse,5201,Seekirchen/Wallersee,Oesterreich
Russbachsaag,5442,Russbach/Pass Gschuett,Oesterreich
Russpekgasse,1130,Wien,Oesterreich
Ruttenstockgasse,1120,Wien,Oesterreich
Saalachstrasse,5020,Salzburg,Oesterreich
Saalachweg,5760,Saalfelden/Steinernen Meer,Oesterreich
Saalleitenweg,5071,Kaeferheim,Oesterreich
Saegestrasse,5582,St.Michael/Lungau,Oesterreich
Sagerstrasse,5303,Thalgau,Oesterreich
Sagschneiderweg,5760,Saalfelden/Steinernen Meer,Oesterreich
Salamandergasse,1210,Wien,Oesterreich
Saligergasse,1100,Wien,Oesterreich
Saliterweg,5114,Goeming,Oesterreich
Salmgasse,1030,Wien,Oesterreich
Salzachhof,5600,St.Johann/Pongau,Oesterreich
Salzachsiedlung,5723,Uttendorf,Oesterreich
Salzachtalbundesstrasse,5700,Zell/See,Oesterreich
Salzachweg,5730,Mittersill,Oesterreich
Salzburger Schuetzenstrasse,5020,Salzburg,Oesterreich
Salzburger Strasse,5202,Neumarkt/Wallersee,Oesterreich
Salzburger Strasse,5303,Thalgau,Oesterreich
Salzburger Strasse,5500,Bischofshofen,Oesterreich
Salzburgerstrasse,5400,Hallein,Oesterreich
Salzburgerstrasse,5600,St.Johann/Pongau,Oesterreich
Salzburgerstrasse,5671,Bruck/Grossglocknerstrasse,Oesterreich
Salzergasse,1090,Wien,Oesterreich
Salzleckweg,5611,Grossarl,Oesterreich
Samhaberplatz,1140,Wien,Oesterreich
Sanatorium Liebhartstal,1160,Wien,Oesterreich
Sandhoferweg,5071,Walserberg,Oesterreich
Sandwirtgasse,1060,Wien,Oesterreich
Sankt Rupert,5573,Weisspriach,Oesterreich
Santnergasse,5020,Salzburg,Oesterreich
Sassmanngasse,1100,Wien,Oesterreich
Sattlerweg,5110,Oberndorf b.Sbg.,Oesterreich
Sauhaufen,1110,Wien,Oesterreich
Sauwaldstrasse,5603,Kleinarl,Oesterreich
Scalagasse,1050,Wien,Oesterreich
Schachnerstrasse,1220,Wien,Oesterreich
Schafgasse,5071,Wals-Siezenheim,Oesterreich
Schalkgasse,1180,Wien,Oesterreich
Schamborgasse,1140,Wien,Oesterreich
Schanzelufer,1010,Wien,Oesterreich
Schartenstrasse,5350,Strobl,Oesterreich
Schattberg,5761,Maria Alm/Steinernen Meer,Oesterreich
Scheffeneggergasse,1230,Wien,Oesterreich
Scheiblinweg,1140,Wien,Oesterreich
Scheiterplatzl,1140,Wien,Oesterreich
Schellhammergasse,1170,Wien,Oesterreich
Schenkendorfgasse,1210,Wien,Oesterreich
Schernbergstrasse,5620,Schwarzach/Pongau,Oesterreich
Schiessstaette,1230,Wien,Oesterreich
Schiffamtsufer,1020,Wien,Oesterreich
Schiffmanngasse,5020,Salzburg,Oesterreich
Schilchergasse,1140,Wien,Oesterreich
Schilfweg,1220,Wien,Oesterreich
Schindlergasse,1180,Wien,Oesterreich
Schirnboeckgasse,1130,Wien,Oesterreich
Schlagerstrasse,5071,Viehhausen,Oesterreich
Schlatterbergweg,5541,Altenmarkt/Pongau,Oesterreich
Schleiergasse,1100,Wien,Oesterreich
Schlenkenweg,5081,Anif,Oesterreich
Schlesingerplatz,1080,Wien,Oesterreich
Schlimpweg,1210,Wien,Oesterreich
Schloeglgasse,1120,Wien,Oesterreich
Schloss Hetzendorf,1120,Wien,Oesterreich
Schloss-Au-Weg,5630,Bad Hofgastein,Oesterreich
Schlossberggasse,1130,Wien,Oesterreich
Schlossergasse,1210,Wien,Oesterreich
Schlossergasse,5722,Niedernsill,Oesterreich
Schlossgartenstrasse,1230,Wien,Oesterreich
Schlossparkweg,5580,Tamsweg,Oesterreich
Schmaetzerweg,1140,Wien,Oesterreich
Schmelzbrueckenrampe,1150,Wien,Oesterreich
Schmelzhof,1150,Wien,Oesterreich
Schmiedbachweg,5061,Elsbethen,Oesterreich
Schmieden,5112,Lamprechtshausen,Oesterreich
Schmiedgasse,5204,Strasswalchen,Oesterreich
Schmiedgasse,5591,Ramingstein,Oesterreich
Schmiedingerweg,5722,Niedernsill,Oesterreich
Schmiedstrasse,5721,Piesendorf,Oesterreich
Schmiedweg,5322,Hof b.Sbg.,Oesterreich
Schmiedweg,5724,Stuhlfelden,Oesterreich
Schmittenstrasse,5700,Zell/See,Oesterreich
Schneebergweg,5640,Bad Gastein,Oesterreich
Schneiderfeldweg,5582,St.Michael/Lungau,Oesterreich
Schneiderweg,5350,Strobl,Oesterreich
Schnitzberg,5532,Filzmoos,Oesterreich
Schnoellwiesenweg,5400,Hallein,Oesterreich
Schoarerbergstrasse,5302,Henndorf/Wallersee,Oesterreich
Schoenaustrasse,5324,Faistenau,Oesterreich
Schoenblickweg,5423,St.Koloman,Oesterreich
Schoenbrunner Strasse,1120,Wien,Oesterreich
Schoendorferplatz,5400,Hallein,Oesterreich
Schoeneckergasse,1140,Wien,Oesterreich
Schoenfeldweg,5151,Nussdorf/Haunsberg,Oesterreich
Schoenhofweg,5751,Maishofen,Oesterreich
Schoenleitenstrasse,5020,Salzburg,Oesterreich
Schoenrain,5620,Schwarzach/Pongau,Oesterreich
Schoenwiesegasse,1230,Wien,Oesterreich
Schoeppelgasse,1220,Wien,Oesterreich
Schottenaustrasse,1200,Wien,Oesterreich
Schratten,5441,Abtenau,Oesterreich
Schreyvogelgasse,1010,Wien,Oesterreich
Schubertgasse,1090,Wien,Oesterreich
Schuettaustrasse,1220,Wien,Oesterreich
Schuettstrasse,5550,Radstadt,Oesterreich
Schuetzengasse,1030,Wien,Oesterreich
Schuetzenweg,5321,Koppl,Oesterreich
Schuetzplatz,1140,Wien,Oesterreich
Schulstrasse,5411,Oberalm,Oesterreich
Schulstrasse,5113,St.Georgen b.Sbg.,Oesterreich
Schulstrasse,5632,Dorfgastein,Oesterreich
Schultergasse,1010,Wien,Oesterreich
Schulweg,5700,Zell/See,Oesterreich
Schulzgasse (Liesing),1230,Wien,Oesterreich
Schusterfeld,5672,Fusch/Grossglocknerstrasse,Oesterreich
Schusterwoelflweg,5071,Wals,Oesterreich
Schwaigfeldweg,5522,St.Martin/Tennengebirge,Oesterreich
Schwalbenweg,1170,Wien,Oesterreich
Schwandl,5165,Berndorf b.Sbg.,Oesterreich
Schwarzenbergpromenade,5026,Salzburg,Oesterreich
Schwarzer Weg,1210,Wien,Oesterreich
Schwarzleo,5771,Leogang,Oesterreich
Schwarzstrasse,5400,Hallein,Oesterreich
Schwedenstrasse,5020,Salzburg,Oesterreich
Schweizersiedlung,5071,Viehhausen,Oesterreich
Schwertgasse,1010,Wien,Oesterreich
Schwimmschulgasse,5580,Tamsweg,Oesterreich
SDL Am alten Berg,1140,Wien,Oesterreich
SDL Drnekweg,1210,Wien,Oesterreich
SDL Einigkeit,1220,Wien,Oesterreich
SDL Ponysee,1220,Wien,Oesterreich
Sebastian Stief-Strasse,5203,Koestendorf,Oesterreich
Sebastian-Hinterseer-Weg,5630,Bad Hofgastein,Oesterreich
Sebastian-Kneipp-Strasse,5020,Salzburg,Oesterreich
Seckendorff-Gudent-Weg,1130,Wien,Oesterreich
Seeblickweg,5723,Uttendorf,Oesterreich
Seegasse,1090,Wien,Oesterreich
Seeleiten,5163,Mattsee,Oesterreich
Seestadtpromenade,1220,Wien,Oesterreich
Seestrasse,5303,Thalgau,Oesterreich
Seeuferweg,5350,Strobl,Oesterreich
Seeweg,5071,Kaeferheim,Oesterreich
Segnerstrasse,1100,Wien,Oesterreich
Seidenstrasse,5114,Goeming,Oesterreich
Seiseneggergasse,1220,Wien,Oesterreich
Seitenberggasse,1160,Wien,Oesterreich
Seitzergasse,1010,Wien,Oesterreich
Semmelweisgasse,1210,Wien,Oesterreich
Sendlweg,5111,Buermoos,Oesterreich
Sendnergasse,1110,Wien,Oesterreich
Servaesgasse,1100,Wien,Oesterreich
Seyweg,5322,Hof b.Sbg.,Oesterreich
Siebenbuergerstrasse,5161,Elixhausen,Oesterreich
Siebertgasse,1120,Wien,Oesterreich
Siedlungsstrasse,5440,Golling/Salzach,Oesterreich
Siedlungsweg,5424,Bad Vigaun,Oesterreich
Siemensstrasse,1210,Wien,Oesterreich
Sieveringer Bad,1190,Wien,Oesterreich
Sighartstein,5202,Neumarkt/Wallersee,Oesterreich
Sigmund-Freud-Hof,1090,Wien,Oesterreich
Sillergutweg,5412,Puch b.Hallein,Oesterreich
Simonbauernweg,5082,Groedig,Oesterreich
Simon-Denk-Gasse,1090,Wien,Oesterreich
Simoningplatz,1110,Wien,Oesterreich
Sindelargasse,1100,Wien,Oesterreich
Sinnhubstrasse,5020,Salzburg,Oesterreich
Sinning,5771,Leogang,Oesterreich
Siolygasse,1190,Wien,Oesterreich
Sizzogasse,1220,Wien,Oesterreich
Slavi-Soucek-Strasse,5026,Salzburg,Oesterreich
Soellheimer Strasse,5023,Salzburg,Oesterreich
Soellheimerstrasse,5300,Hallwang,Oesterreich
Sofienalpenstrasse,1140,Wien,Oesterreich
Sommerauweg,5350,Strobl,Oesterreich
Sommerhaidenweg,1180,Wien,Oesterreich
Sommerschuhgasse,1230,Wien,Oesterreich
Sommerweg,5201,Seekirchen/Wallersee,Oesterreich
Sonderadresse 3.Bezirk,1030,Wien,Oesterreich
Sonnberg,5741,Neukirchen/Grossvenediger,Oesterreich
Sonnengasse,5532,Filzmoos,Oesterreich
Sonnenweg,5301,Eugendorf,Oesterreich
Sonnenweg,5632,Dorfgastein,Oesterreich
Sonnfelsweg,5731,Hollersbach/Pinzgau,Oesterreich
Sonnleitenstrasse,5640,Bad Gastein,Oesterreich
Sonnleitenweg,5710,Kaprun,Oesterreich
Sonnweg,5322,Hof b.Sbg.,Oesterreich
Sonnwendgasse,1100,Wien,Oesterreich
Sophie-Scholl-Gasse,1220,Wien,Oesterreich
Spaethgasse,1220,Wien,Oesterreich
Spalowskygasse,1060,Wien,Oesterreich
SP-Aspern,1220,Wien,Oesterreich
Spechergasse,5542,Flachau,Oesterreich
Speidelweg,1220,Wien,Oesterreich
SP-Erlaa,1230,Wien,Oesterreich
Sperrgasse,1150,Wien,Oesterreich
SP-Haus des Sportes,1100,Wien,Oesterreich
SP-Hoerndlwald,1130,Wien,Oesterreich
Spinozagasse,1160,Wien,Oesterreich
Spittelauer Laende,1090,Wien,Oesterreich
SP-Johann-Hoffmann-Platz,1120,Wien,Oesterreich
Spoecklberg,5112,Lamprechtshausen,Oesterreich
Sportplatzstrasse,5522,St.Martin/Tennengebirge,Oesterreich
Sportplatzstrasse,5724,Stuhlfelden,Oesterreich
Sportplatzweg,5723,Uttendorf,Oesterreich
Sportstrasse,5661,Rauris,Oesterreich
SP-Ostbahn,1110,Wien,Oesterreich
Springsiedelgasse,1190,Wien,Oesterreich
SP-Union Landhaus,1210,Wien,Oesterreich
St.-Gotthard-Strasse,1140,Wien,Oesterreich
St.-Peter-Gasse,1170,Wien,Oesterreich
Staargasse,1140,Wien,Oesterreich
Stachlgasse,1130,Wien,Oesterreich
Stadl,5165,Berndorf b.Sbg.,Oesterreich
Stadlerseestrasse,5112,Lamprechtshausen,Oesterreich
Stadlerweg,5340,St.Gilgen,Oesterreich
Stadlweg,1210,Wien,Oesterreich
Stadtplatz,5760,Saalfelden/Steinernen Meer,Oesterreich
Stammersdorfer Kellergasse,1210,Wien,Oesterreich
Stammgasse,1030,Wien,Oesterreich
Stampfl,5570,Mauterndorf,Oesterreich
Stastnyweg,1220,Wien,Oesterreich
Stauchweg,5531,Eben/Pongau,Oesterreich
Staufenblickstrasse,5071,Wals-Siezenheim,Oesterreich
Staufenstrasse,5162,Obertrum/See,Oesterreich
Stefan-Achatz-Hof,1110,Wien,Oesterreich
Stefan-Zweig-Weg,5204,Strasswalchen,Oesterreich
Stegen,5761,Maria Alm/Steinernen Meer,Oesterreich
Steggasse,5500,Bischofshofen,Oesterreich
Stegleitenstrasse,5324,Faistenau,Oesterreich
Steigenfeldweg,5423,St.Koloman,Oesterreich
Stein,5591,Ramingstein,Oesterreich
Steinbachstrasse,5330,Fuschl/See,Oesterreich
Steinbachweg,5202,Neumarkt/Wallersee,Oesterreich
Steinbauergasse,1120,Wien,Oesterreich
Steinbraeuweg,5324,Faistenau,Oesterreich
Steinbruchstrasse,1160,Wien,Oesterreich
Steindorfer Strasse,5202,Neumarkt/Wallersee,Oesterreich
Steinergasse (Liesing),1230,Wien,Oesterreich
Steinfeldgasse,1190,Wien,Oesterreich
Steinhardtgasse,1130,Wien,Oesterreich
Steinitzhof,1130,Wien,Oesterreich
Steinlandweg,5102,Anthering,Oesterreich
Steinnelkenweg,1220,Wien,Oesterreich
Steinspornweg,1220,Wien,Oesterreich
Stemesed,5165,Berndorf b.Sbg.,Oesterreich
Stephensongasse,1210,Wien,Oesterreich
Sterngasse (Innere Stadt),1010,Wien,Oesterreich
Stiegergasse,1150,Wien,Oesterreich
Stifterbruecke,1140,Wien,Oesterreich
Stiftsgasse,5201,Seekirchen/Wallersee,Oesterreich
Stock im Weg,1130,Wien,Oesterreich
Stockerweg,5424,Bad Vigaun,Oesterreich
Stockhamweg,5603,Kleinarl,Oesterreich
Stockingfeld,5760,Saalfelden/Steinernen Meer,Oesterreich
Stocklehen,5611,Grossarl,Oesterreich
Stoeberplatz,1160,Wien,Oesterreich
Stoecklstrasse,5020,Salzburg,Oesterreich
Stoerweg,5020,Salzburg,Oesterreich
Strandgasse,1210,Wien,Oesterreich
Strassgschwandtnerstrasse,1140,Wien,Oesterreich
Streckerplatz,1130,Wien,Oesterreich
Streichergasse,1030,Wien,Oesterreich
Strindberggasse,1110,Wien,Oesterreich
Strochnerweg,5630,Bad Hofgastein,Oesterreich
Strohblumengasse,1220,Wien,Oesterreich
Stromkilometer,1210,Wien,Oesterreich
Strudlhofgasse,1090,Wien,Oesterreich
Stubnerkogelstrasse,5645,Bad Gastein,Oesterreich
Stumpergasse,1060,Wien,Oesterreich
Stumpflweg,5071,Gois,Oesterreich
Suedweg,5164,Seeham,Oesterreich
Sulzau-Mittergasse,5741,Neukirchen/Grossvenediger,Oesterreich
Sulzenlandstrasse,5400,Hallein,Oesterreich
Sumpfgasse,1210,Wien,Oesterreich
Sverigestrasse,1220,Wien,Oesterreich
Sykoragasse,1230,Wien,Oesterreich
Taborstrasse,1020,Wien,Oesterreich
Tainaustrasse,5325,Plainfeld,Oesterreich
Talblickstrasse,5632,Dorfgastein,Oesterreich
Talgasse,1150,Wien,Oesterreich
Tannbrunnweg,5301,Eugendorf,Oesterreich
Tannenwinkl,5084,Grossgmain,Oesterreich
Tannerstrasse,5203,Koestendorf,Oesterreich
Taubergasse,1170,Wien,Oesterreich
Tauern Spa Strasse,5710,Kaprun,Oesterreich
Tauernstrasse,5561,Untertauern,Oesterreich
Tauernstrasse,5700,Zell/See,Oesterreich
Tauernweg,5721,Piesendorf,Oesterreich
Taurachweg,5571,Mariapfarr,Oesterreich
Taxerweg,5550,Radstadt,Oesterreich
Technologiestrasse,1120,Wien,Oesterreich
Tegetthoffstrasse,1010,Wien,Oesterreich
Telekygasse,1190,Wien,Oesterreich
Tesarekplatz,1100,Wien,Oesterreich
Thalgauberger Strasse,5303,Thalgau,Oesterreich
Thannberg,5662,Taxenbach,Oesterreich
Theodor-Herzl-Hof,1020,Wien,Oesterreich
Theodor-Storm-Weg,1160,Wien,Oesterreich
Theophil-Hansen-Gasse,1230,Wien,Oesterreich
Theuergasse,1220,Wien,Oesterreich
Thimiggasse,1180,Wien,Oesterreich
Thomas-Klestil-Platz,1030,Wien,Oesterreich
Thumersbacherstrasse,5700,Zell/See,Oesterreich
Thurwiesergasse,5020,Salzburg,Oesterreich
Tichtelgasse,1120,Wien,Oesterreich
Tiefenbach,5532,Filzmoos,Oesterreich
Tiefenbachstrasse,5300,Hallwang,Oesterreich
Tierasylstrasse,5411,Oberalm,Oesterreich
Tiergartnerweg,5081,Anif,Oesterreich
Tischlerstrasse,5113,St.Georgen b.Sbg.,Oesterreich
Toerlweg,5082,Groedig,Oesterreich
Tomschikgasse,1220,Wien,Oesterreich
Torricelligasse,1140,Wien,Oesterreich
Trambauerstrasse,1100,Wien,Oesterreich
Trappelgasse,1040,Wien,Oesterreich
Traubengasse,1230,Wien,Oesterreich
Traunfelsgasse,1200,Wien,Oesterreich
Trautsongasse,1080,Wien,Oesterreich
Trenkwaldgasse,1170,Wien,Oesterreich
Trieblingstrasse,5591,Ramingstein,Oesterreich
Trillergasse,1210,Wien,Oesterreich
Trinkhausstrasse,1110,Wien,Oesterreich
Trubelgasse,1030,Wien,Oesterreich
Tschoernerweg,1220,Wien,Oesterreich
Tuchlauben,1010,Wien,Oesterreich
Tuerkenritthof,1170,Wien,Oesterreich
Tulipanenweg,1220,Wien,Oesterreich
Tulpenstrasse,5020,Salzburg,Oesterreich
Tumpenweg,5084,Grossgmain,Oesterreich
U-Bahn Bogen (Guertellinie),1090,Wien,Oesterreich
U-Bahn Station Alser Strasse,1090,Wien,Oesterreich
U-Bahn Station Am Schoepfwerk,1120,Wien,Oesterreich
U-Bahn Station Burggasse,1070,Wien,Oesterreich
U-Bahn Station Dresdner Strasse,1200,Wien,Oesterreich
U-Bahn Station Heiligenstadt,1190,Wien,Oesterreich
U-Bahn Station Kaisermuehlen,1220,Wien,Oesterreich
U-Bahn Station Margaretenguertel,1050,Wien,Oesterreich
U-Bahn Station Oberlaa,1100,Wien,Oesterreich
U-Bahn Station Rathaus,1010,Wien,Oesterreich
U-Bahn Station Schwedenplatz,1010,Wien,Oesterreich
U-Bahn Station Suedtiroler Platz,1040,Wien,Oesterreich
U-Bahn Station Waehringer Strasse,1090,Wien,Oesterreich
U-Bahn Station Zieglergasse,1070,Wien,Oesterreich
Uferstrasse,5110,Oberndorf b.Sbg.,Oesterreich
Uggl,5723,Uttendorf,Oesterreich
Ullach,5771,Leogang,Oesterreich
Ullreichgasse,1220,Wien,Oesterreich
Ulmenweg,5302,Henndorf/Wallersee,Oesterreich
Ulrich-Schreier-Strasse,5020,Salzburg,Oesterreich
Unkenberg,5091,Unken,Oesterreich
Unteraumuehlweg,5400,Hallein,Oesterreich
Unterbayrdorf,5581,St.Margarethen/Lungau,Oesterreich
Unterbergstrasse,5102,Anthering,Oesterreich
Unterburg,5741,Neukirchen/Grossvenediger,Oesterreich
Unterdirstegweg,5424,Bad Vigaun,Oesterreich
Untere Muehlbachgasse,1230,Wien,Oesterreich
Unterer Gasthofberg,5531,Eben/Pongau,Oesterreich
Unterer-Bodenfeldweg,5582,St.Michael/Lungau,Oesterreich
Unterfagerweg,5423,St.Koloman,Oesterreich
Unterfeldstrasse,5020,Salzburg,Oesterreich
Untergrabenweg,5423,St.Koloman,Oesterreich
Unter-Laaer Strasse,1100,Wien,Oesterreich
Unternberg,5163,Mattsee,Oesterreich
Untersbergblick,5071,Walserberg,Oesterreich
Untersbergstrasse,5412,Puch b.Hallein,Oesterreich
Untersbergstrasse,5083,Groedig,Oesterreich
Untervetterbach,5303,Thalgau,Oesterreich
Unterweissburg,5582,St.Michael/Lungau,Oesterreich
Urbangasse,1170,Wien,Oesterreich
Urchen,5761,Maria Alm/Steinernen Meer,Oesterreich
Urpass,5621,St.Veit/Pongau,Oesterreich
Urstein Sued,5412,Puch b.Hallein,Oesterreich
Utopiaweg,1180,Wien,Oesterreich
Uttenhofen,5760,Saalfelden/Steinernen Meer,Oesterreich
Valkenauerstrasse,5026,Salzburg,Oesterreich
Varnhagengasse,1220,Wien,Oesterreich
Veiderfeldweg,5661,Rauris,Oesterreich
Vereinsgasse,1020,Wien,Oesterreich
Vereinsstiege,1090,Wien,Oesterreich
Versbachgasse,1130,Wien,Oesterreich
Viehausenerstrasse,5101,Bergheim,Oesterreich
Viehtriftgasse,1210,Wien,Oesterreich
Viktor-Adler-Markt,1100,Wien,Oesterreich
Viktor-Hagl-Gasse,1140,Wien,Oesterreich
Villaweg,1220,Wien,Oesterreich
Vinzenz-Pallotti-Platz,5020,Salzburg,Oesterreich
Virilligasse,1230,Wien,Oesterreich
Vogeltennweg,5400,Hallein,Oesterreich
Voglhub,5204,Strasswalchen,Oesterreich
Voglstrasse,5620,Schwarzach/Pongau,Oesterreich
Volkmargasse,1100,Wien,Oesterreich
Vollererhofstrasse,5412,Puch b.Hallein,Oesterreich
Vondrakplatz,1100,Wien,Oesterreich
Vorderbrandtweg,5754,Hinterglemm,Oesterreich
Vorderlebach,5322,Hof b.Sbg.,Oesterreich
Vorderschneeberg,5630,Bad Hofgastein,Oesterreich
Vorgartenmarkt,1020,Wien,Oesterreich
Vorgartenstrasse,1200,Wien,Oesterreich
Wachtelgasse,5020,Salzburg,Oesterreich
Waehringer Guertel,1190,Wien,Oesterreich
Wagenmanngasse,1230,Wien,Oesterreich
Wagrainer Strasse,5542,Flachau,Oesterreich
Wahlberggasse,1140,Wien,Oesterreich
Waidach,5151,Nussdorf/Haunsberg,Oesterreich
Walchalmweg,5632,Dorfgastein,Oesterreich
Walchhofweg,5550,Radstadt,Oesterreich
Waldesruhgasse,5111,Buermoos,Oesterreich
Waldheimweg,5423,St.Koloman,Oesterreich
Waldhuettenweg,1170,Wien,Oesterreich
Waldprechtinger Strasse,5201,Seekirchen/Wallersee,Oesterreich
Waldschafferweg,1140,Wien,Oesterreich
Waldstrasse,5071,Viehhausen,Oesterreich
Waldvogelstrasse,1130,Wien,Oesterreich
Waldweg,5151,Nussdorf/Haunsberg,Oesterreich
Walkergasse,1210,Wien,Oesterreich
Wall,5165,Berndorf b.Sbg.,Oesterreich
Wallerseestrasse,5302,Henndorf/Wallersee,Oesterreich
Wallnerfeld,5620,Schwarzach/Pongau,Oesterreich
Wallsberg,5205,Schleedorf,Oesterreich
Walserfeldstrasse (Walserfeld),5071,Wals-Siezenheim-Walserfeld,Oesterreich
Walter-Berry-Weg,1190,Wien,Oesterreich
Walterskirchenstrasse,5411,Oberalm,Oesterreich
Wangari-Maathai-Platz,1220,Wien,Oesterreich
Wankham,5302,Henndorf/Wallersee,Oesterreich
Warhanekgasse,1210,Wien,Oesterreich
Wartenslebengasse,1220,Wien,Oesterreich
Waschhausgasse,1020,Wien,Oesterreich
Wassbadstrasse,5350,Strobl,Oesterreich
Wasserfallstrasse,5440,Golling/Salzach,Oesterreich
Wasser-Wunder-Strasse,5342,Abersee-St.Gilgen,Oesterreich
Watzlawickweg,1100,Wien,Oesterreich
Weberweg,5662,Bruck/Grossglocknerstrasse,Oesterreich
Wegelergasse,1180,Wien,Oesterreich
Wegscheid,5441,Abtenau,Oesterreich
Wehleweg,1030,Wien,Oesterreich
Weichselweg,1220,Wien,Oesterreich
Weidental,5112,Lamprechtshausen,Oesterreich
Weidenweg,5321,Koppl,Oesterreich
Weidenweg,5751,Maishofen,Oesterreich
Weideweg,5300,Hallwang,Oesterreich
Weiherstrasse,5165,Berndorf b.Sbg.,Oesterreich
Weiher-Wiesbach-Strasse,5023,Salzburg,Oesterreich
Weinbachgasse,5301,Eugendorf,Oesterreich
Weinetsberg,5630,Bad Hofgastein,Oesterreich
Weinleitenstrasse,5321,Koppl,Oesterreich
Weinmesser-Weg,5571,Mariapfarr,Oesterreich
Weinweg,1120,Wien,Oesterreich
Weissauweg,1220,Wien,Oesterreich
Weisselgasse,1210,Wien,Oesterreich
Weissenbergstrasse,5324,Faistenau,Oesterreich
Weissgerberweg,5400,Hallein,Oesterreich
Weitfeldstrasse,5113,St.Georgen b.Sbg.,Oesterreich
Weitwoerth,5151,Nussdorf/Haunsberg,Oesterreich
Weizenweg,5071,Wals-Siezenheim,Oesterreich
Wenckebachgasse,1190,Wien,Oesterreich
Wendlberg,5165,Berndorf b.Sbg.,Oesterreich
Weng,5622,Goldegg,Oesterreich
Wennserstrasse,5733,Bramberg/Wildkogel,Oesterreich
Werkstaettenstrasse,5020,Salzburg,Oesterreich
Wertheim,5202,Neumarkt/Wallersee,Oesterreich
Weschelstrasse,1020,Wien,Oesterreich
Westbahnstrasse,5204,Strasswalchen,Oesterreich
Wettsteinpark,1020,Wien,Oesterreich
Weyerstrasse,5724,Stuhlfelden,Oesterreich
Wiedenerweg,5582,St.Michael/Lungau,Oesterreich
Wiedner Guertel,1100,Wien,Oesterreich
Wiedwengerholz,5202,Neumarkt/Wallersee,Oesterreich
Wiener Praterstadion-Ernst-Happel-Stadion,1020,Wien,Oesterreich
Wiener Strasse,5302,Eugendorf,Oesterreich
Wienerbergerplatz,1100,Wien,Oesterreich
Wienerflurgasse,1230,Wien,Oesterreich
Wientalstrasse,1130,Wien,Oesterreich
Wiesberggasse,1160,Wien,Oesterreich
Wieselweg,1220,Wien,Oesterreich
Wieseneggweg,5082,Groedig,Oesterreich
Wiesenguetlweg,5700,Zell/See,Oesterreich
Wiesenweg,5102,Anthering,Oesterreich
Wiesenweg,5722,Niedernsill,Oesterreich
Wiesenweg,5700,Zell/See,Oesterreich
Wieslweg,5753,Saalbach,Oesterreich
Wiespachstrasse,5400,Hallein,Oesterreich
Wiestalstrasse,5323,Ebenau,Oesterreich
Wiestalstrasse,5323,Ebenau,Oesterreich
Wilbrandtgasse,1190,Wien,Oesterreich
Wildentenstrasse,5201,Seekirchen/Wallersee,Oesterreich
Wildmoos,5092,St.Martin b.Lofer,Oesterreich
Wilhelm-Hartl-Hof,1230,Wien,Oesterreich
Wilhelm-Kress-Strasse,5020,Salzburg,Oesterreich
Wilhelmsed,5165,Berndorf b.Sbg.,Oesterreich
Wilhelm-Weber-Hof,1110,Wien,Oesterreich
Willendorfer Gasse,1230,Wien,Oesterreich
Willibald-Hauthaler-Str.,5020,Salzburg,Oesterreich
Wimmweg,5303,Thalgau,Oesterreich
Winckelmannstrasse,1150,Wien,Oesterreich
Windbichl,5162,Obertrum/See,Oesterreich
Winkl,5591,Ramingstein,Oesterreich
Winklerstrasse,5400,Hallein,Oesterreich
Winterbichlweg,5424,Bad Vigaun,Oesterreich
Wintzingerodestrasse,1220,Wien,Oesterreich
Wirtsberg,5203,Koestendorf,Oesterreich
Wispelhofsiedlung,5450,Werfen,Oesterreich
Witthauergasse,1180,Wien,Oesterreich
Woehlergasse,1100,Wien,Oesterreich
Wohllebengasse,1040,Wien,Oesterreich
Wolfengasse,1010,Wien,Oesterreich
Wolfenweg,1140,Wien,Oesterreich
Wolfgangseestrasse,5322,Hof b.Sbg.,Oesterreich
Wolfgangseestrasse,5321,Koppl,Oesterreich
Wolfgangseestrasse (Strobl),5350,Strobl,Oesterreich
Wolfrathplatz,1130,Wien,Oesterreich
Wollekweg,1220,Wien,Oesterreich
Wuertzlerstrasse,1030,Wien,Oesterreich
Wuestenrotstrasse,5023,Salzburg,Oesterreich
Wundtgasse,1230,Wien,Oesterreich
Ybbsstrasse,1020,Wien,Oesterreich
Zaepfensteig,5350,Strobl,Oesterreich
Zaglwiese,5550,Radstadt,Oesterreich
Zahnradbahnstrasse,1190,Wien,Oesterreich
Zamaragasse,1130,Wien,Oesterreich
Zanggasse,1220,Wien,Oesterreich
Zefferergasse,5541,Altenmarkt/Pongau,Oesterreich
Zehenthofweg,5303,Thalgau,Oesterreich
Zehetnergasse,1140,Wien,Oesterreich
Zeleznygasse,1230,Wien,Oesterreich
Zeller Bundesstrasse,5760,Saalfelden/Steinernen Meer,Oesterreich
Zellerweg,5400,Hallein,Oesterreich
Zeltsberg,5113,St.Georgen b.Sbg.,Oesterreich
Zentaplatz,1050,Wien,Oesterreich
Zenzfeld,5751,Maishofen,Oesterreich
Zetschegasse,1230,Wien,Oesterreich
Ziegeleistrasse,5020,Salzburg,Oesterreich
Ziegeleiweg,5400,Hallein,Oesterreich
Zieselweg,1220,Wien,Oesterreich
Zillengrund,1220,Wien,Oesterreich
Zillnerstrasse,5020,Salzburg,Oesterreich
Zinkenweg,5400,Hallein,Oesterreich
Zinsgasse,5580,Tamsweg,Oesterreich
Zitterhofergasse,1070,Wien,Oesterreich
Zoellnerweg,5661,Rauris,Oesterreich
Zoitzach,5575,Lessach,Oesterreich
Zschockestrasse,5645,Bad Gastein,Oesterreich
Zuckerkandlgasse,1190,Wien,Oesterreich
Zum Kogl,5350,Strobl,Oesterreich
Zwerchaeckerweg,1220,Wien,Oesterreich
Zwinzstrasse,1160,Wien,Oesterreich
Ährengrubenweg,1190,Wien,Oesterreich
Öbristweg,5602,Wagrain,Oesterreich
Öllinger Strasse,5113,St.Georgen b.Sbg.,Oesterreich
Öllinger Strasse,5113,St.Georgen b.Sbg.,Oesterreich
Überfuhrstrasse,5412,Puch b.Hallein,Oesterreich
Übermoos,5532,Filzmoos,Oesterreich
Übertsroid,5162,Obertrum/See,Oesterreich
